name,clean_name,type,factor,estimate,statistic,p.value,fdr,parameter,conf.low,conf.high,method,alternative,sig
2018_ssgac_cognitive_performance,Cognitive performance,Cognitive,F1,0.22229824417515445,4.253344116733222,2.7099114320593156e-5,0.0010026672298619468,348,0.120271155749201,0.319678447533365,Pearson's product-moment correlation,two.sided,**
2018_ssgac_cognitive_performance,Cognitive performance,Cognitive,F2,0.19310965597276095,3.6715223197409266,2.78962188477432e-4,0.010321600973664984,348,0.09010386150834333,0.29202777312765255,Pearson's product-moment correlation,two.sided,**
2018_ssgac_cognitive_performance,Cognitive performance,Cognitive,F3,0.1005552205878162,1.885389452690414,0.060210106933072244,0.3332501007356971,348,-0.004320144501445513,0.2032426278370431,Pearson's product-moment correlation,two.sided,
2018_ssgac_cognitive_performance,Cognitive performance,Cognitive,F4,0.06546704070555504,1.2238973959589772,0.22181891505656698,0.6242897321514871,348,-0.03963479450620172,0.16913610244959434,Pearson's product-moment correlation,two.sided,
2018_ssgac_cognitive_performance,Cognitive performance,Cognitive,F5,5.604487204535339e-4,0.010455036952955597,0.9916642303230153,0.9988434776434794,348,-0.10427550328845721,0.10538408286352503,Pearson's product-moment correlation,two.sided,
2018_ssgac_cognitive_performance,Cognitive performance,Cognitive,F6,0.13896713468203042,2.6177988007924924,0.00923636563600543,0.18222872468564838,348,0.03464196980981425,0.2402963470495143,Pearson's product-moment correlation,two.sided,*
2018_ssgac_cognitive_performance,Cognitive performance,Cognitive,F7,0.012908914519917387,0.2408327448116291,0.8098265719226232,0.9878586364178354,348,-0.09204547066602213,0.11757962679443926,Pearson's product-moment correlation,two.sided,
2019_pgc_autism,Autism,Neuropsychiatric,F1,0.03436551368528102,0.6414592348923673,0.5216466077775965,0.9625205808903161,348,-0.0707190796192215,0.13869568385278677,Pearson's product-moment correlation,two.sided,
2019_pgc_autism,Autism,Neuropsychiatric,F2,0.07023072453720408,1.3133802102590204,0.1899201390984236,0.6269257505398296,348,-0.03485571847534896,0.1737811258088094,Pearson's product-moment correlation,two.sided,
2019_pgc_autism,Autism,Neuropsychiatric,F3,-0.034946756021335276,-0.6523217342260477,0.5146242782538856,0.7616439318157506,348,-0.1392663845078813,0.0701400249601461,Pearson's product-moment correlation,two.sided,
2019_pgc_autism,Autism,Neuropsychiatric,F4,-0.04062709367281072,-0.758514850961229,0.4486562236809648,0.6753270026029395,348,-0.1448400554907683,0.06447733650532712,Pearson's product-moment correlation,two.sided,
2019_pgc_autism,Autism,Neuropsychiatric,F5,0.009452995437887957,0.17635122274391016,0.8601206035693738,0.9959664730006237,348,-0.095471438185064,0.11416968396160881,Pearson's product-moment correlation,two.sided,
2019_pgc_autism,Autism,Neuropsychiatric,F6,-0.0541566772519535,-1.011764528696586,0.3123535936957553,0.7704721977828631,348,-0.15808899451533895,0.05096247433421945,Pearson's product-moment correlation,two.sided,
2019_pgc_autism,Autism,Neuropsychiatric,F7,-0.019121035505128094,-0.3567635169181425,0.7214850733164782,0.9878586364178354,348,-0.12370290426414599,0.08588093458947313,Pearson's product-moment correlation,two.sided,
2019-PGC-anorexia,Anorexia,Neuropsychiatric,F1,-0.014014340602761891,-0.2614598108041345,0.793892611227391,0.9625205808903161,348,-0.11866982592492949,0.09094910026110031,Pearson's product-moment correlation,two.sided,
2019-PGC-anorexia,Anorexia,Neuropsychiatric,F2,0.03452890456477489,0.6445126855072768,0.5196676389899284,0.8739864837557887,348,-0.07055631086552108,0.13885611840131531,Pearson's product-moment correlation,two.sided,
2019-PGC-anorexia,Anorexia,Neuropsychiatric,F3,0.05054450936433891,0.9441023385208058,0.3457723488058849,0.7131757631065817,348,-0.0545744831109334,0.15455541201124665,Pearson's product-moment correlation,two.sided,
2019-PGC-anorexia,Anorexia,Neuropsychiatric,F4,0.015398991545642197,0.28729852778039094,0.7740547467265962,0.8423536949671782,348,-0.08957543335300075,0.12003504777856598,Pearson's product-moment correlation,two.sided,
2019-PGC-anorexia,Anorexia,Neuropsychiatric,F5,0.011667029170018625,0.2176604214100128,0.8278212689592018,0.9959664730006237,348,-0.09327687900398711,0.11635454707626172,Pearson's product-moment correlation,two.sided,
2019-PGC-anorexia,Anorexia,Neuropsychiatric,F6,-0.014763264278531835,-0.27543514170089706,0.783145418655522,0.91828657765561,348,-0.1194082900179554,0.09020616717135532,Pearson's product-moment correlation,two.sided,
2019-PGC-anorexia,Anorexia,Neuropsychiatric,F7,0.002306639071911249,0.04302990839703163,0.9657023708050243,0.9878586364178354,348,-0.10254798314071503,0.10711056488912239,Pearson's product-moment correlation,two.sided,
2021_PGC_bipolar_I_II,Bipolar,Neuropsychiatric,F1,-0.0744780710773767,-1.3932399127606605,0.1644365111531923,0.5979426830679047,348,-0.17791879162461588,0.03059059131566128,Pearson's product-moment correlation,two.sided,
2021_PGC_bipolar_I_II,Bipolar,Neuropsychiatric,F2,-0.010387190876497122,-0.19378098736292315,0.8464604340736717,0.9682115369898555,348,-0.11509169462088442,0.0945455842612146,Pearson's product-moment correlation,two.sided,
2021_PGC_bipolar_I_II,Bipolar,Neuropsychiatric,F3,-0.05891615495990902,-1.1009790919611264,0.2716666961746955,0.7131757631065817,348,-0.16274086531029044,0.04619900359323309,Pearson's product-moment correlation,two.sided,
2021_PGC_bipolar_I_II,Bipolar,Neuropsychiatric,F4,-0.08668329482500696,-1.6231656236153276,0.1054594756570774,0.6242897321514871,348,-0.1897885132557276,0.018312940408588992,Pearson's product-moment correlation,two.sided,
2021_PGC_bipolar_I_II,Bipolar,Neuropsychiatric,F5,-0.029098163028541388,-0.543049142010306,0.5874436145889638,0.9959664730006237,348,-0.13352070307814884,0.07596337790966519,Pearson's product-moment correlation,two.sided,
2021_PGC_bipolar_I_II,Bipolar,Neuropsychiatric,F6,-0.06947954049871716,-1.2992638526415583,0.19471349667732665,0.711416202445614,348,-0.17304895918054006,0.03560964902262622,Pearson's product-moment correlation,two.sided,
2021_PGC_bipolar_I_II,Bipolar,Neuropsychiatric,F7,-0.08564531442066274,-1.603584691062231,0.1097127949406512,0.9878586364178354,348,-0.18878023648092765,0.019358313711201548,Pearson's product-moment correlation,two.sided,
2021_pgc_schizophrenia,Schizophrenia,Neuropsychiatric,F1,0.041037265598137314,0.766185685166116,0.4440852159280996,0.9625205808903161,348,-0.06406817681663309,0.14524226925177147,Pearson's product-moment correlation,two.sided,
2021_pgc_schizophrenia,Schizophrenia,Neuropsychiatric,F2,-0.1642252142470636,-3.105748801073408,0.0020538350345748716,0.037995948139635125,348,-0.2645014619183882,-0.060435833824736676,Pearson's product-moment correlation,two.sided,**
2021_pgc_schizophrenia,Schizophrenia,Neuropsychiatric,F3,-0.021550562721740208,-0.40211392170181737,0.6878470482097003,0.8775979580606522,348,-0.12609552071009214,0.08346782857460337,Pearson's product-moment correlation,two.sided,
2021_pgc_schizophrenia,Schizophrenia,Neuropsychiatric,F4,9.621061138128706e-4,0.017947865132359925,0.9856907298349253,0.9887023656143341,348,-0.10387819641415431,0.10578126293043714,Pearson's product-moment correlation,two.sided,
2021_pgc_schizophrenia,Schizophrenia,Neuropsychiatric,F5,0.040249363211997395,0.7514510609464548,0.452889119421621,0.9959664730006237,348,-0.06485410353591259,0.14446962329926502,Pearson's product-moment correlation,two.sided,
2021_pgc_schizophrenia,Schizophrenia,Neuropsychiatric,F6,-0.11546301831337132,-2.168437665977221,0.03080243734743191,0.2849225454637452,348,-0.21765831466230606,-0.010763473410456529,Pearson's product-moment correlation,two.sided,*
2021_pgc_schizophrenia,Schizophrenia,Neuropsychiatric,F7,0.038146139801467034,0.7121253160365397,0.4768643185428424,0.9878586364178354,348,-0.06695141471795166,0.14240650274598013,Pearson's product-moment correlation,two.sided,
2022_ssgac_educational_attainment,Educational attainment,Cognitive,F1,0.14967158803801606,2.8238962978122597,0.005017562748798045,0.09282491085276383,348,0.04555654673211624,0.25056995937109755,Pearson's product-moment correlation,two.sided,*
2022_ssgac_educational_attainment,Educational attainment,Cognitive,F2,0.1381578932435793,2.602257162258141,0.009657064930512636,0.11910380080965584,348,0.03381785387463416,0.2395187525383724,Pearson's product-moment correlation,two.sided,*
2022_ssgac_educational_attainment,Educational attainment,Cognitive,F3,0.16388977334857602,3.099229825077293,0.0020983120026466418,0.03881877204896287,348,0.0600923668001363,0.26418083062272596,Pearson's product-moment correlation,two.sided,**
2022_ssgac_educational_attainment,Educational attainment,Cognitive,F4,0.12339274785548196,2.319588356658202,0.020941388426421622,0.5132150061364483,348,0.018806184731559532,0.22530815834010082,Pearson's product-moment correlation,two.sided,*
2022_ssgac_educational_attainment,Educational attainment,Cognitive,F5,-0.002687783397220616,-0.05014013022793076,0.9600394862779251,0.9988434776434794,348,-0.10748732342497624,0.10217082988348485,Pearson's product-moment correlation,two.sided,
2022_ssgac_educational_attainment,Educational attainment,Cognitive,F6,0.0642251331223038,1.2005830044764363,0.23072957917155046,0.711416202445614,348,-0.04087992518008362,0.16792437274295977,Pearson's product-moment correlation,two.sided,
2022_ssgac_educational_attainment,Educational attainment,Cognitive,F7,0.1106321511612373,2.0765631625906464,0.038575363815703735,0.9878586364178354,348,0.005870407863284538,0.21299179401025756,Pearson's product-moment correlation,two.sided,*
2022_Yengo_height,Height,Other,F1,0.017360758820564624,0.32390957253200037,0.7462010782510131,0.9625205808903161,348,-0.08762854422732529,0.12196861069916955,Pearson's product-moment correlation,two.sided,
2022_Yengo_height,Height,Other,F2,0.046862124308169106,0.8751630762102527,0.38208879629455406,0.710068698401255,348,-0.0582538763155641,0.15095039882145436,Pearson's product-moment correlation,two.sided,
2022_Yengo_height,Height,Other,F3,-0.05150971829032564,-0.9621786333828546,0.33662796047715793,0.7131757631065817,348,-0.15549988269580886,0.05360958596963612,Pearson's product-moment correlation,two.sided,
2022_Yengo_height,Height,Other,F4,0.03851645704727605,0.7190487479706063,0.47259343177308044,0.6753270026029395,348,-0.06658220580057958,0.14276982475409009,Pearson's product-moment correlation,two.sided,
2022_Yengo_height,Height,Other,F5,0.03513728106382272,0.6558824894162101,0.5123331259665589,0.9959664730006237,348,-0.06995020160181416,0.13945343902053053,Pearson's product-moment correlation,two.sided,
2022_Yengo_height,Height,Other,F6,0.07799312170057394,1.4593882660814688,0.14536032995618484,0.711416202445614,348,-0.027057929719026073,0.1813403080137267,Pearson's product-moment correlation,two.sided,
2022_Yengo_height,Height,Other,F7,-0.07106107466086527,-1.3289868821125947,0.18472297417787817,0.9878586364178354,348,-0.17459032111979583,0.034022193187034006,Pearson's product-moment correlation,two.sided,
addiction_Hatoum2023,Addiction,Neuropsychiatric,F1,-0.06715755239832803,-1.2556426549953965,0.21008796972656107,0.5979426830679047,348,-0.17078503185919572,0.03793937075766506,Pearson's product-moment correlation,two.sided,
addiction_Hatoum2023,Addiction,Neuropsychiatric,F2,-0.021589462572921422,-0.40284009575269375,0.6873132209775484,0.9418736731914553,348,-0.12613381968182777,0.08342918162739865,Pearson's product-moment correlation,two.sided,
addiction_Hatoum2023,Addiction,Neuropsychiatric,F3,-0.10252060636635854,-1.9226276669661901,0.055342773616936625,0.3332501007356971,348,-0.20514568673636896,0.0023343065751072365,Pearson's product-moment correlation,two.sided,
addiction_Hatoum2023,Addiction,Neuropsychiatric,F4,-0.0486064747401871,-0.9078150599429211,0.36460415117720324,0.6242897321514871,348,-0.15265844328694442,0.05651129904189742,Pearson's product-moment correlation,two.sided,
addiction_Hatoum2023,Addiction,Neuropsychiatric,F5,0.05563499950783618,1.0394674122269747,0.2993090651776048,0.9959664730006237,348,-0.04948342371858544,0.1595343875300875,Pearson's product-moment correlation,two.sided,
addiction_Hatoum2023,Addiction,Neuropsychiatric,F6,0.016916951218367646,0.3156267996542257,0.7524749913550264,0.91828657765561,348,-0.08806905617951633,0.12153125320821427,Pearson's product-moment correlation,two.sided,
addiction_Hatoum2023,Addiction,Neuropsychiatric,F7,-0.0017750226464405116,-0.033112670266510526,0.9736037223742794,0.9878586364178354,348,-0.1065850154476478,0.10307398251875868,Pearson's product-moment correlation,two.sided,
ADHD-PGC-2019,ADHD,Neuropsychiatric,F1,-0.12481391015559064,-2.3467242894977347,0.019499460310562444,0.1803700078727026,348,-0.2266778330606173,-0.02024902725033269,Pearson's product-moment correlation,two.sided,*
ADHD-PGC-2019,ADHD,Neuropsychiatric,F2,0.04669201078312217,0.871979205343376,0.3838209180547324,0.710068698401255,348,-0.058423782644028026,0.1507837926801548,Pearson's product-moment correlation,two.sided,
ADHD-PGC-2019,ADHD,Neuropsychiatric,F3,-0.030738711223853046,-0.5736943192369609,0.5665452437324292,0.790076687518607,348,-0.13513309294082562,0.07433063252257587,Pearson's product-moment correlation,two.sided,
ADHD-PGC-2019,ADHD,Neuropsychiatric,F4,0.003284793151915845,0.06127735226592208,0.9511735039602585,0.9887023656143341,348,-0.10158001098667079,0.10807740295644559,Pearson's product-moment correlation,two.sided,
ADHD-PGC-2019,ADHD,Neuropsychiatric,F5,0.020616703954863532,0.3846813880338793,0.7007084638151302,0.9959664730006237,348,-0.08439552112525735,0.12517599354597783,Pearson's product-moment correlation,two.sided,
ADHD-PGC-2019,ADHD,Neuropsychiatric,F6,0.009712121672356721,0.18118582590145715,0.8563271983627417,0.91828657765561,348,-0.095214643904426,0.11442544847377546,Pearson's product-moment correlation,two.sided,
ADHD-PGC-2019,ADHD,Neuropsychiatric,F7,0.037107138007420506,0.692701752089479,0.48895872711760124,0.9878586364178354,348,-0.06798715322785623,0.14138697752372334,Pearson's product-moment correlation,two.sided,
aggression_Ip_2021,Aggression,Personality,F1,0.012330724747830129,0.23004417684680256,0.8181926035597009,0.9625205808903161,348,-0.09261882255157067,0.11700930092281521,Pearson's product-moment correlation,two.sided,
aggression_Ip_2021,Aggression,Personality,F2,0.06334241802369832,1.1840151629312368,0.23721514885290848,0.6269257505398296,348,-0.04176473273682898,0.1670629167227518,Pearson's product-moment correlation,two.sided,
aggression_Ip_2021,Aggression,Personality,F3,-0.18097580226166213,-3.4327428118121786,6.695173740258172e-4,0.024772142838955236,348,-0.2804843732349501,-0.07761852910346696,Pearson's product-moment correlation,two.sided,**
aggression_Ip_2021,Aggression,Personality,F4,-0.053048403526904084,-0.9910005217990344,0.32237386609817364,0.6242897321514871,348,-0.15700511510491774,0.05207099175803959,Pearson's product-moment correlation,two.sided,
aggression_Ip_2021,Aggression,Personality,F5,-0.05331691025893001,-0.9960307762027899,0.31992724836510406,0.9959664730006237,348,-0.15726773469921523,0.051802449759393056,Pearson's product-moment correlation,two.sided,
aggression_Ip_2021,Aggression,Personality,F6,0.028658200160359176,0.5348314633806682,0.5931079588048793,0.9126226895349976,348,-0.07640115243052055,0.13308819769655167,Pearson's product-moment correlation,two.sided,
aggression_Ip_2021,Aggression,Personality,F7,-0.03125566739016352,-0.5833519273688345,0.5600342703678443,0.9878586364178354,348,-0.13564106154474115,0.07381601836673174,Pearson's product-moment correlation,two.sided,
agree_BIG5,Agreeableness,Personality,F1,-0.10731458438632975,-2.0135556647069226,0.044825616090474966,0.276424632557929,348,-0.20978438413086692,-0.0025130297494468544,Pearson's product-moment correlation,two.sided,*
agree_BIG5,Agreeableness,Personality,F2,-0.012357276483361152,-0.2305396062822712,0.8178079574059787,0.9682115369898555,348,-0.11703549304347774,0.09259249450690671,Pearson's product-moment correlation,two.sided,
agree_BIG5,Agreeableness,Personality,F3,-0.0010026317582534398,-0.01870386232101183,0.9850880660382981,0.9850880660382981,348,-0.1058213349729355,0.10383810786152917,Pearson's product-moment correlation,two.sided,
agree_BIG5,Agreeableness,Personality,F4,-0.05744821336377846,-1.073455348705236,0.2838106400833151,0.6242897321514871,348,-0.16130660446875725,0.04766868675163908,Pearson's product-moment correlation,two.sided,
agree_BIG5,Agreeableness,Personality,F5,-0.11336368216951244,-2.128493274176783,0.03399826813172305,0.9959664730006237,348,-0.2156309719735696,-0.008636491688738342,Pearson's product-moment correlation,two.sided,*
agree_BIG5,Agreeableness,Personality,F6,-0.008916092370828799,-0.16633415807014576,0.8679905839996035,0.91828657765561,348,-0.11363970211821466,0.09600346506057843,Pearson's product-moment correlation,two.sided,
agree_BIG5,Agreeableness,Personality,F7,-0.029841583878578316,-0.5569355651582316,0.5779294495270908,0.9878586364178354,348,-0.13425143237051276,0.07522356273414375,Pearson's product-moment correlation,two.sided,
alcohol_dependency-PGC-2018,Alcohol dependency,Neuropsychiatric,F1,-0.1035553341270156,-1.9422417948539084,0.052914351209529774,0.27969014210751453,348,-0.20614728919314568,0.0012884788382398447,Pearson's product-moment correlation,two.sided,
alcohol_dependency-PGC-2018,Alcohol dependency,Neuropsychiatric,F2,-0.005230555635792854,-0.09757608493376495,0.9223250892200949,0.9698849505714362,348,-0.11000006623507258,0.09965391206289255,Pearson's product-moment correlation,two.sided,
alcohol_dependency-PGC-2018,Alcohol dependency,Neuropsychiatric,F3,-0.029950437057813445,-0.5589689203119234,0.5765424476487132,0.790076687518607,348,-0.1343584176968925,0.0751152277963753,Pearson's product-moment correlation,two.sided,
alcohol_dependency-PGC-2018,Alcohol dependency,Neuropsychiatric,F4,-0.016873843393971657,-0.3148222891653833,0.7530852637000621,0.8423536949671782,348,-0.12148876973007784,0.08811184170365159,Pearson's product-moment correlation,two.sided,
alcohol_dependency-PGC-2018,Alcohol dependency,Neuropsychiatric,F5,0.08789308210846766,1.6459943250775189,0.10066771788249515,0.9959664730006237,348,-0.0170942467856327,0.1909634059743338,Pearson's product-moment correlation,two.sided,
alcohol_dependency-PGC-2018,Alcohol dependency,Neuropsychiatric,F6,-0.003407988901377309,-0.06357557778052877,0.9493446797955023,0.9493446797955023,348,-0.10819915943209221,0.10145808354163259,Pearson's product-moment correlation,two.sided,
alcohol_dependency-PGC-2018,Alcohol dependency,Neuropsychiatric,F7,-0.02990660826548085,-0.558150205033899,0.5771007239752578,0.9878586364178354,348,-0.13431534127209194,0.07515884822152945,Pearson's product-moment correlation,two.sided,
broad_antisocial_behavior,Antisocial behavior,Personality,F1,-0.050132700418612404,-0.9363908495812926,0.3497213448019586,0.924263554119462,348,-0.15415239322683943,0.05498609929246966,Pearson's product-moment correlation,two.sided,
broad_antisocial_behavior,Antisocial behavior,Personality,F2,0.11227900596024286,2.1078663245548714,0.03575725835881545,0.2205030932126953,348,0.007537902857174507,0.21458314748161922,Pearson's product-moment correlation,two.sided,*
broad_antisocial_behavior,Antisocial behavior,Personality,F3,-0.11036917039143912,-2.07156607523361,0.03904233829761242,0.3332501007356971,348,-0.2127376257685499,-0.005604185064043243,Pearson's product-moment correlation,two.sided,*
broad_antisocial_behavior,Antisocial behavior,Personality,F4,-0.06437345409959955,-1.2033671446996799,0.22965225393484592,0.6242897321514871,348,-0.1680691060567571,0.040731236432734595,Pearson's product-moment correlation,two.sided,
broad_antisocial_behavior,Antisocial behavior,Personality,F5,-0.048587889280738136,-0.9074671208361967,0.3647877799363666,0.9959664730006237,348,-0.1526402479308571,0.05652986898505254,Pearson's product-moment correlation,two.sided,
broad_antisocial_behavior,Antisocial behavior,Personality,F6,0.03584808290677512,0.6691674219457573,0.5038323706295031,0.9111620124797032,348,-0.06924195040317625,0.14015122748389575,Pearson's product-moment correlation,two.sided,
broad_antisocial_behavior,Antisocial behavior,Personality,F7,-0.053996775384940236,-1.0087684656030258,0.3137865688292242,0.9878586364178354,348,-0.15793262772263703,0.051122427353202396,Pearson's product-moment correlation,two.sided,
cannabis_use_disorder-PGC-2020,Cannabis use disorder,Neuropsychiatric,F1,-0.07097970103561123,-1.3274573189859569,0.18522761190066253,0.5979426830679047,348,-0.17451102682898093,0.03410388443736415,Pearson's product-moment correlation,two.sided,
cannabis_use_disorder-PGC-2020,Cannabis use disorder,Neuropsychiatric,F2,-0.006760984136379847,-0.12612740635585282,0.8997039105639082,0.9698849505714362,348,-0.11151177549606348,0.09813839736786381,Pearson's product-moment correlation,two.sided,
cannabis_use_disorder-PGC-2020,Cannabis use disorder,Neuropsychiatric,F3,-0.05511194701034915,-1.0296649438377579,0.3038824200509507,0.7131757631065817,348,-0.15902303680799246,0.0500067866298362,Pearson's product-moment correlation,two.sided,
cannabis_use_disorder-PGC-2020,Cannabis use disorder,Neuropsychiatric,F4,-0.054766053142260414,-1.023183053079698,0.30693203046899803,0.6242897321514871,348,-0.1586848506799691,0.050352854065370364,Pearson's product-moment correlation,two.sided,
cannabis_use_disorder-PGC-2020,Cannabis use disorder,Neuropsychiatric,F5,0.0022636519222197704,0.04222798723636994,0.9663411694583206,0.9988434776434794,348,-0.1025905182683099,0.10706807049940568,Pearson's product-moment correlation,two.sided,
cannabis_use_disorder-PGC-2020,Cannabis use disorder,Neuropsychiatric,F6,-0.02685061630579582,-0.5010724102329679,0.6166369523885119,0.9126226895349976,348,-0.131310835374063,0.0781993205153995,Pearson's product-moment correlation,two.sided,
cannabis_use_disorder-PGC-2020,Cannabis use disorder,Neuropsychiatric,F7,0.06458856419826467,1.2074051290853929,0.22809614646532617,0.9878586364178354,348,-0.04051558468502086,0.1682790050192306,Pearson's product-moment correlation,two.sided,
childhood_trauma_PGC2020,Childhood trauma,Other,F1,-0.022559191021792376,-0.4209433778553916,0.6740562737266093,0.9625205808903161,348,-0.12708846818717456,0.08246565567468413,Pearson's product-moment correlation,two.sided,
childhood_trauma_PGC2020,Childhood trauma,Other,F2,0.026551157894946623,0.4954801065754661,0.6205739902775319,0.9087925823186654,348,-0.07849715305281266,0.13101631883922932,Pearson's product-moment correlation,two.sided,
childhood_trauma_PGC2020,Childhood trauma,Other,F3,-0.04288886943104467,-0.8008183584163076,0.42378320047073526,0.7616439318157506,348,-0.14705751965472813,0.06222070252387598,Pearson's product-moment correlation,two.sided,
childhood_trauma_PGC2020,Childhood trauma,Other,F4,-0.05935494010717139,-1.109207648239779,0.26810654453563826,0.6242897321514871,348,-0.16316949771772338,0.045759609513341355,Pearson's product-moment correlation,two.sided,
childhood_trauma_PGC2020,Childhood trauma,Other,F5,0.036517803208835485,0.6816854678770429,0.4958912698069218,0.9959664730006237,348,-0.06857453638307802,0.1408085917437891,Pearson's product-moment correlation,two.sided,
childhood_trauma_PGC2020,Childhood trauma,Other,F6,0.014767413477202318,0.2755125693176492,0.7830859894385189,0.91828657765561,348,-0.09020205083638319,0.11941238094579937,Pearson's product-moment correlation,two.sided,
childhood_trauma_PGC2020,Childhood trauma,Other,F7,-0.07292058005163754,-1.3639469486116653,0.17346578738472535,0.9878586364178354,348,-0.17640194482781074,0.032155046861235055,Pearson's product-moment correlation,two.sided,
consc_BIG5,Conscientiousness,Personality,F1,0.06819985875874829,1.2752209917153199,0.20308169739492796,0.5979426830679047,348,-0.03689373418228628,0.1718014109486612,Pearson's product-moment correlation,two.sided,
consc_BIG5,Conscientiousness,Personality,F2,-0.04092166694709777,-0.7640237767837446,0.4453707759397382,0.7847008909414435,348,-0.1451289169336736,0.06418349376550163,Pearson's product-moment correlation,two.sided,
consc_BIG5,Conscientiousness,Personality,F3,-0.06845006075488459,-1.2799213248744268,0.2014253771118941,0.7114292454964377,348,-0.17204535637215987,0.036642698524858124,Pearson's product-moment correlation,two.sided,
consc_BIG5,Conscientiousness,Personality,F4,-0.02323342255959841,-0.43353090186198606,0.6648977319277408,0.7930268835582603,348,-0.12775210085184227,0.08179562086728472,Pearson's product-moment correlation,two.sided,
consc_BIG5,Conscientiousness,Personality,F5,-0.07008470627138873,-1.310636039127628,0.19084504935990151,0.9959664730006237,348,-0.17363881318893634,0.03500227998491773,Pearson's product-moment correlation,two.sided,
consc_BIG5,Conscientiousness,Personality,F6,-0.034543533153322904,-0.6447860672564969,0.5194906477480397,0.9111620124797032,348,-0.13887048203878866,0.07054173770372471,Pearson's product-moment correlation,two.sided,
consc_BIG5,Conscientiousness,Personality,F7,0.004395261621975139,0.08199333436206643,0.9346991521283782,0.9878586364178354,348,-0.10048086102934213,0.10917478448918172,Pearson's product-moment correlation,two.sided,
CTGlab_2019_insomnia,Insomnia,Neuropsychiatric,F1,-0.10873833117037872,-2.0405871146292425,0.04204619966689809,0.276424632557929,348,-0.21116112684103305,-0.00395357238071111,Pearson's product-moment correlation,two.sided,*
CTGlab_2019_insomnia,Insomnia,Neuropsychiatric,F2,-0.08644064254142726,-1.618587646434098,0.10644193293965531,0.49229393984590586,348,-0.18955282436827048,0.018557341516997044,Pearson's product-moment correlation,two.sided,
CTGlab_2019_insomnia,Insomnia,Neuropsychiatric,F3,-0.013810008645604747,-0.257646940640115,0.7968316847981635,0.9241178014282394,348,-0.11846832759463931,0.09115177749693706,Pearson's product-moment correlation,two.sided,
CTGlab_2019_insomnia,Insomnia,Neuropsychiatric,F4,0.047559024596827947,0.8882071687707571,0.3750428140790436,0.6242897321514871,348,-0.05755776126418761,0.15163286876243307,Pearson's product-moment correlation,two.sided,
CTGlab_2019_insomnia,Insomnia,Neuropsychiatric,F5,-0.020539042463429556,-0.3832317109972575,0.7017819629200328,0.9959664730006237,348,-0.1250995158069696,0.08447266162398268,Pearson's product-moment correlation,two.sided,
CTGlab_2019_insomnia,Insomnia,Neuropsychiatric,F6,-0.04340031202472695,-0.8103858984945029,0.4182722435507199,0.8609416314968369,348,-0.1475587972061726,0.061710273586630886,Pearson's product-moment correlation,two.sided,
CTGlab_2019_insomnia,Insomnia,Neuropsychiatric,F7,0.0028761815624085054,0.05365469324372661,0.9572410678643208,0.9878586364178354,348,-0.10198439335391268,0.10767354259587153,Pearson's product-moment correlation,two.sided,
depression-PGC-2019,Depression,Neuropsychiatric,F1,-0.002520776124832058,-0.04702461825336163,0.9625205808903161,0.9625205808903161,348,-0.1073222415933437,0.102336092087039,Pearson's product-moment correlation,two.sided,
depression-PGC-2019,Depression,Neuropsychiatric,F2,-0.0037902470045284445,-0.07070664891884842,0.9436718437992353,0.9698849505714362,348,-0.10857693167248722,0.1010797407446124,Pearson's product-moment correlation,two.sided,
depression-PGC-2019,Depression,Neuropsychiatric,F3,0.040991587951658845,0.765331425093813,0.44459293982268955,0.7616439318157506,348,-0.06411374348676048,0.1451974795481018,Pearson's product-moment correlation,two.sided,
depression-PGC-2019,Depression,Neuropsychiatric,F4,-0.10354821415456336,-1.9421068081331059,0.05293075322023326,0.5132150061364483,348,-0.20614039789071775,0.001295675973470193,Pearson's product-moment correlation,two.sided,
depression-PGC-2019,Depression,Neuropsychiatric,F5,0.033325280441334613,0.6220205414238336,0.5343356654841931,0.9959664730006237,348,-0.07175522086867465,0.1376741437555165,Pearson's product-moment correlation,two.sided,
depression-PGC-2019,Depression,Neuropsychiatric,F6,0.07326786893168852,1.3704778080687139,0.17142115461611823,0.711416202445614,348,-0.031806249633109455,0.17674021345201268,Pearson's product-moment correlation,two.sided,
depression-PGC-2019,Depression,Neuropsychiatric,F7,-0.007243012494555188,-0.13512019037812714,0.8925949657560267,0.9878586364178354,348,-0.11198780761498096,0.09766096552978533,Pearson's product-moment correlation,two.sided,
epilepsy,Epilepsy,Neuropsychiatric,F1,-0.0030116874220182783,-0.05618255514496946,0.9552286206844203,0.9625205808903161,348,-0.10780747666186909,0.10185029385110463,Pearson's product-moment correlation,two.sided,
epilepsy,Epilepsy,Neuropsychiatric,F2,0.058934394673749994,1.1013211292903835,0.2715180663233186,0.6697445635975192,348,-0.046180739377106414,0.16275868376894814,Pearson's product-moment correlation,two.sided,
epilepsy,Epilepsy,Neuropsychiatric,F3,-0.04844258614460776,-0.9047469277326237,0.3662253918655419,0.7131757631065817,348,-0.1524979922334631,0.05667504830610114,Pearson's product-moment correlation,two.sided,
epilepsy,Epilepsy,Neuropsychiatric,F4,-0.050748194408518535,-0.9479167004149845,0.34382963321101523,0.6242897321514871,348,-0.15475473655539934,0.05437088020365643,Pearson's product-moment correlation,two.sided,
epilepsy,Epilepsy,Neuropsychiatric,F5,0.017268354530663686,0.3221850173956138,0.7475059925889793,0.9959664730006237,348,-0.08772026572135211,0.12187755272239603,Pearson's product-moment correlation,two.sided,
epilepsy,Epilepsy,Neuropsychiatric,F6,-0.015176419702770429,-0.2831450478604503,0.7772340060821505,0.91828657765561,348,-0.11981562570120637,0.08979626653952519,Pearson's product-moment correlation,two.sided,
epilepsy,Epilepsy,Neuropsychiatric,F7,-0.010474370236045178,-0.19540756268144732,0.8451879383807063,0.9878586364178354,348,-0.11517772769119065,0.09445917407281465,Pearson's product-moment correlation,two.sided,
extra_BIG5,Extraversion,Personality,F1,-0.023615006072904596,-0.44065511284137826,0.6597362993751242,0.9625205808903161,348,-0.12812764443127414,0.08141637043180189,Pearson's product-moment correlation,two.sided,
extra_BIG5,Extraversion,Personality,F2,-0.05315782107814259,-0.9930503442035051,0.32137539626585254,0.6994640977550908,348,-0.1571121353992245,0.051961561670769256,Pearson's product-moment correlation,two.sided,
extra_BIG5,Extraversion,Personality,F3,-0.0073544144279856045,-0.13719853257357606,0.890953212778591,0.9418648249373676,348,-0.11209781691434069,0.09755061903210789,Pearson's product-moment correlation,two.sided,
extra_BIG5,Extraversion,Personality,F4,-7.595988094735045e-4,-0.01417013613648524,0.9887023656143341,0.9887023656143341,348,-0.10558101718123483,0.10407851445952383,Pearson's product-moment correlation,two.sided,
extra_BIG5,Extraversion,Personality,F5,0.04196615029125178,0.7835586716133015,0.43383206484007664,0.9959664730006237,348,-0.06314145381431789,0.1461530044040035,Pearson's product-moment correlation,two.sided,
extra_BIG5,Extraversion,Personality,F6,-0.05903667519785688,-1.103239149047129,0.27068564101613196,0.7499778988840797,348,-0.16285860081931203,0.04607832015262973,Pearson's product-moment correlation,two.sided,
extra_BIG5,Extraversion,Personality,F7,-0.022331173458683268,-0.4166865489515585,0.6771645902878121,0.9878586364178354,348,-0.12686401386648893,0.08269223246797294,Pearson's product-moment correlation,two.sided,
functionalConnectivity_Yeo7networkParcellation_Default,FC default mode,Brain MRI,F1,0.01953127577086636,0.3644207395639985,0.7157651838289504,0.9625205808903161,348,-0.08547355357258085,0.12410699727072264,Pearson's product-moment correlation,two.sided,
functionalConnectivity_Yeo7networkParcellation_Default,FC default mode,Brain MRI,F2,0.04850768120057192,0.9059655530911876,0.3655809145456199,0.710068698401255,348,-0.05661000926831622,0.1525617225857245,Pearson's product-moment correlation,two.sided,
functionalConnectivity_Yeo7networkParcellation_Default,FC default mode,Brain MRI,F3,-0.011915518289450179,-0.222296892768909,0.8242131742468082,0.9241178014282394,348,-0.11659969904808196,0.09303051192306458,Pearson's product-moment correlation,two.sided,
functionalConnectivity_Yeo7networkParcellation_Default,FC default mode,Brain MRI,F4,-0.07074365227361355,-1.3230205100477337,0.18669720946365084,0.6242897321514871,348,-0.1742810022066041,0.03434084662259312,Pearson's product-moment correlation,two.sided,
functionalConnectivity_Yeo7networkParcellation_Default,FC default mode,Brain MRI,F5,-0.10290309361385312,-1.929877293418074,0.05443454619641783,0.9959664730006237,348,-0.2055159542559857,0.0019477429410815134,Pearson's product-moment correlation,two.sided,
functionalConnectivity_Yeo7networkParcellation_Default,FC default mode,Brain MRI,F6,-0.04334776881878174,-0.8094029451460716,0.4188364693768396,0.8609416314968369,348,-0.14750730077506127,0.06176271518844996,Pearson's product-moment correlation,two.sided,
functionalConnectivity_Yeo7networkParcellation_Default,FC default mode,Brain MRI,F7,-0.06966287183943032,-1.3027088355465748,0.19353557424049833,0.9878586364178354,348,-0.1732276597587679,0.03542565841242296,Pearson's product-moment correlation,two.sided,
functionalConnectivity_Yeo7networkParcellation_Dorsal.Attention,FC dorsal attention,Brain MRI,F1,-0.003098925280343583,-0.05780997907897604,0.9539331688305748,0.9625205808903161,348,-0.1078937005961719,0.10176395938030526,Pearson's product-moment correlation,two.sided,
functionalConnectivity_Yeo7networkParcellation_Dorsal.Attention,FC dorsal attention,Brain MRI,F2,0.014612064386368629,0.27261363131208,0.7853119204337846,0.9682115369898555,348,-0.09035616703928766,0.11925921113411285,Pearson's product-moment correlation,two.sided,
functionalConnectivity_Yeo7networkParcellation_Dorsal.Attention,FC dorsal attention,Brain MRI,F3,-0.04003734484130147,-0.7474863296861906,0.4552748285456818,0.7616439318157506,348,-0.14426168861288796,0.06506556800831034,Pearson's product-moment correlation,two.sided,
functionalConnectivity_Yeo7networkParcellation_Dorsal.Attention,FC dorsal attention,Brain MRI,F4,-0.052066016221620236,-0.9725981263737191,0.3314286112100894,0.6242897321514871,348,-0.15604414179526338,0.053053378548113275,Pearson's product-moment correlation,two.sided,
functionalConnectivity_Yeo7networkParcellation_Dorsal.Attention,FC dorsal attention,Brain MRI,F5,-0.05750407693023085,-1.074502655414348,0.2833418987539086,0.9959664730006237,348,-0.16136119432124338,0.04761276523817732,Pearson's product-moment correlation,two.sided,
functionalConnectivity_Yeo7networkParcellation_Dorsal.Attention,FC dorsal attention,Brain MRI,F6,-0.013636596952711374,-0.25441107337561053,0.7993282611045598,0.91828657765561,348,-0.11829731397175959,0.09132377804599776,Pearson's product-moment correlation,two.sided,
functionalConnectivity_Yeo7networkParcellation_Dorsal.Attention,FC dorsal attention,Brain MRI,F7,-0.07873224561748017,-1.4733044306538288,0.14157288105914953,0.9878586364178354,348,-0.1820594458834603,0.026314768640155112,Pearson's product-moment correlation,two.sided,
functionalConnectivity_Yeo7networkParcellation_Frontoparietal,FC frontoparietal,Brain MRI,F1,-0.0032373939711858486,-0.060393117909370096,0.9518772071003673,0.9625205808903161,348,-0.10803055669435814,0.10162692135200758,Pearson's product-moment correlation,two.sided,
functionalConnectivity_Yeo7networkParcellation_Frontoparietal,FC frontoparietal,Brain MRI,F2,0.10700257679551023,2.0076335263623526,0.04545489660201301,0.2402615963249259,348,0.0021973995195102565,0.20948262297842607,Pearson's product-moment correlation,two.sided,*
functionalConnectivity_Yeo7networkParcellation_Frontoparietal,FC frontoparietal,Brain MRI,F3,0.013092986159813032,0.2442674275252223,0.8071676598574336,0.9241178014282394,348,-0.09186292460280154,0.11776118040581661,Pearson's product-moment correlation,two.sided,
functionalConnectivity_Yeo7networkParcellation_Frontoparietal,FC frontoparietal,Brain MRI,F4,-0.03573049457548652,-0.6669696187573343,0.5052335199117728,0.6753270026029395,348,-0.14003579911473313,0.06935912409356074,Pearson's product-moment correlation,two.sided,
functionalConnectivity_Yeo7networkParcellation_Frontoparietal,FC frontoparietal,Brain MRI,F5,0.011888093858374922,0.22178518791802132,0.8246112005317134,0.9959664730006237,348,-0.09305770278686001,0.11657264354657777,Pearson's product-moment correlation,two.sided,
functionalConnectivity_Yeo7networkParcellation_Frontoparietal,FC frontoparietal,Brain MRI,F6,-0.06570191276103665,-1.2283072993853679,0.220161691620261,0.711416202445614,348,-0.16936523197001882,0.0393992761854845,Pearson's product-moment correlation,two.sided,
functionalConnectivity_Yeo7networkParcellation_Frontoparietal,FC frontoparietal,Brain MRI,F7,0.044715149827835345,0.834985475007944,0.4042987427374547,0.9878586364178354,348,-0.06039778932529277,0.14884725672791987,Pearson's product-moment correlation,two.sided,
functionalConnectivity_Yeo7networkParcellation_global,FC global,Brain MRI,F1,0.006547802604531883,0.12215029226125906,0.9028504991076773,0.9625205808903161,348,-0.09834953064706137,0.11130123052427794,Pearson's product-moment correlation,two.sided,
functionalConnectivity_Yeo7networkParcellation_global,FC global,Brain MRI,F2,-0.06368462090767138,-1.1904376982768194,0.23468582262438856,0.6269257505398296,348,-0.16739689687978143,0.041421738234319425,Pearson's product-moment correlation,two.sided,
functionalConnectivity_Yeo7networkParcellation_global,FC global,Brain MRI,F3,0.04926662865478345,0.9201744427391311,0.3581190120702227,0.7131757631065817,348,-0.055851649088931116,0.1533046950146588,Pearson's product-moment correlation,two.sided,
functionalConnectivity_Yeo7networkParcellation_global,FC global,Brain MRI,F4,-0.06599396188136787,-1.2337910322448356,0.2181133952921292,0.6242897321514871,348,-0.16965012496777604,0.039106407184616006,Pearson's product-moment correlation,two.sided,
functionalConnectivity_Yeo7networkParcellation_global,FC global,Brain MRI,F5,-0.03012490059073482,-0.5622279050192054,0.5743227079253799,0.9959664730006237,348,-0.13452988246746544,0.0749415896974372,Pearson's product-moment correlation,two.sided,
functionalConnectivity_Yeo7networkParcellation_global,FC global,Brain MRI,F6,-0.05745240851086114,-1.0735339972114228,0.28377542119938154,0.7499778988840797,348,-0.16131070398670677,0.047664487275834416,Pearson's product-moment correlation,two.sided,
functionalConnectivity_Yeo7networkParcellation_global,FC global,Brain MRI,F7,0.05116815848823327,0.9557816437839429,0.3398460346699298,0.9878586364178354,348,-0.05395105788339105,0.15516568329736444,Pearson's product-moment correlation,two.sided,
functionalConnectivity_Yeo7networkParcellation_Limbic,FC limbic,Brain MRI,F1,-0.016383412242380786,-0.3056696184268174,0.7600389708622269,0.9625205808903161,348,-0.12100541468420074,0.08859857882231238,Pearson's product-moment correlation,two.sided,
functionalConnectivity_Yeo7networkParcellation_Limbic,FC limbic,Brain MRI,F2,-0.02643636652219146,-0.4933364446596635,0.6220860574529907,0.9087925823186654,348,-0.13090341694639332,0.07861131620799904,Pearson's product-moment correlation,two.sided,
functionalConnectivity_Yeo7networkParcellation_Limbic,FC limbic,Brain MRI,F3,-0.09946941136220742,-1.8648261889248254,0.06304731635540216,0.3332501007356971,348,-0.2021909192872972,0.005416898232918562,Pearson's product-moment correlation,two.sided,
functionalConnectivity_Yeo7networkParcellation_Limbic,FC limbic,Brain MRI,F4,0.03648478122159793,0.6810682175188121,0.49628125776132603,0.6753270026029395,348,-0.06860744685906152,0.14077618115269697,Pearson's product-moment correlation,two.sided,
functionalConnectivity_Yeo7networkParcellation_Limbic,FC limbic,Brain MRI,F5,0.05247124643976585,0.980188683186602,0.32767391670773527,0.9959664730006237,348,-0.052648173195839705,0.15644056269140982,Pearson's product-moment correlation,two.sided,
functionalConnectivity_Yeo7networkParcellation_Limbic,FC limbic,Brain MRI,F6,-0.03418780269172303,-0.6381382282782799,0.5238033938898523,0.9111620124797032,348,-0.1385211820754941,0.07089610760873442,Pearson's product-moment correlation,two.sided,
functionalConnectivity_Yeo7networkParcellation_Limbic,FC limbic,Brain MRI,F7,-0.009359600021246667,-0.17460872258091975,0.8614886324374604,0.9878586364178354,348,-0.11407749678840698,0.09556398968494711,Pearson's product-moment correlation,two.sided,
functionalConnectivity_Yeo7networkParcellation_Somatomotor,FC somatomotor,Brain MRI,F1,-0.022531241784521684,-0.42042159382146826,0.6744369789674316,0.9625205808903161,348,-0.12706095628976422,0.08249342889355027,Pearson's product-moment correlation,two.sided,
functionalConnectivity_Yeo7networkParcellation_Somatomotor,FC somatomotor,Brain MRI,F2,0.009219604532327258,0.17199680249989868,0.8635400194774387,0.9682115369898555,348,-0.09570271678345466,0.11393930902394282,Pearson's product-moment correlation,two.sided,
functionalConnectivity_Yeo7networkParcellation_Somatomotor,FC somatomotor,Brain MRI,F3,-0.01494737495153526,-0.2788708190029518,0.7805096077359621,0.9241178014282394,348,-0.11958981164455174,0.09002351129441256,Pearson's product-moment correlation,two.sided,
functionalConnectivity_Yeo7networkParcellation_Somatomotor,FC somatomotor,Brain MRI,F4,-0.03261210139033417,-0.6086946372154032,0.5431239733621771,0.6753270026029395,348,-0.13697365234345038,0.07246546344574237,Pearson's product-moment correlation,two.sided,
functionalConnectivity_Yeo7networkParcellation_Somatomotor,FC somatomotor,Brain MRI,F5,-0.0075515596856370534,-0.14087653613364579,0.8880489877776294,0.9959664730006237,348,-0.11229249136982142,0.09735533523186803,Pearson's product-moment correlation,two.sided,
functionalConnectivity_Yeo7networkParcellation_Somatomotor,FC somatomotor,Brain MRI,F6,0.016960084320266515,0.31643178365287977,0.7518645153044293,0.91828657765561,348,-0.08802624517914426,0.12157376121413013,Pearson's product-moment correlation,two.sided,
functionalConnectivity_Yeo7networkParcellation_Somatomotor,FC somatomotor,Brain MRI,F7,-0.023103560296943937,-0.43110640089011915,0.6666579235728662,0.9878586364178354,348,-0.127624287291592,0.08192468218935911,Pearson's product-moment correlation,two.sided,
functionalConnectivity_Yeo7networkParcellation_Ventral.Attention,FC ventral attention,Brain MRI,F1,-0.027681671355325038,-0.516592847112904,0.6057685312689557,0.9625205808903161,348,-0.13212807917717612,0.07737267933939287,Pearson's product-moment correlation,two.sided,
functionalConnectivity_Yeo7networkParcellation_Ventral.Attention,FC ventral attention,Brain MRI,F2,-0.06446966362398238,-1.205173141133513,0.22895534678278695,0.6269257505398296,348,-0.16816298602562757,0.04063478586234197,Pearson's product-moment correlation,two.sided,
functionalConnectivity_Yeo7networkParcellation_Ventral.Attention,FC ventral attention,Brain MRI,F3,-0.06694966000300197,-1.251738169307178,0.21150599190434632,0.7114292454964377,348,-0.17058228438422596,0.03814789985217039,Pearson's product-moment correlation,two.sided,
functionalConnectivity_Yeo7networkParcellation_Ventral.Attention,FC ventral attention,Brain MRI,F4,-0.04863946963482557,-0.9084327609730662,0.3642782954834125,0.6242897321514871,348,-0.15269074545461037,0.05647833151426937,Pearson's product-moment correlation,two.sided,
functionalConnectivity_Yeo7networkParcellation_Ventral.Attention,FC ventral attention,Brain MRI,F5,-0.010394656315574386,-0.1939202758812001,0.8463514506600718,0.9959664730006237,348,-0.11509906196115385,0.09453818475055069,Pearson's product-moment correlation,two.sided,
functionalConnectivity_Yeo7networkParcellation_Ventral.Attention,FC ventral attention,Brain MRI,F6,-0.13779682043523248,-2.595324405353865,0.009850201334359371,0.18222872468564838,348,-0.23917175821037,-0.03345019003614714,Pearson's product-moment correlation,two.sided,*
functionalConnectivity_Yeo7networkParcellation_Ventral.Attention,FC ventral attention,Brain MRI,F7,-0.012311462624397316,-0.22968476475346744,0.8184716748116094,0.9878586364178354,348,-0.11699029959311029,0.09263792230520937,Pearson's product-moment correlation,two.sided,
functionalConnectivity_Yeo7networkParcellation_Visual,FC visual,Brain MRI,F1,-0.04273871763960873,-0.798009593813568,0.4254091292558111,0.9625205808903161,348,-0.14691034200432934,0.06237054628126496,Pearson's product-moment correlation,two.sided,
functionalConnectivity_Yeo7networkParcellation_Visual,FC visual,Brain MRI,F2,-0.010007509798952586,-0.18669702365576615,0.8520069797848489,0.9682115369898555,348,-0.11471698751139141,0.09492189702903032,Pearson's product-moment correlation,two.sided,
functionalConnectivity_Yeo7networkParcellation_Visual,FC visual,Brain MRI,F3,-0.0035467332549483257,-0.06616386708762759,0.9472853572582335,0.9735988394042955,348,-0.10833627909640779,0.1013207637939116,Pearson's product-moment correlation,two.sided,
functionalConnectivity_Yeo7networkParcellation_Visual,FC visual,Brain MRI,F4,-0.05792193815297526,-1.0823368641801585,0.2798522632022209,0.6242897321514871,348,-0.1617695079680467,0.047194449670373693,Pearson's product-moment correlation,two.sided,
functionalConnectivity_Yeo7networkParcellation_Visual,FC visual,Brain MRI,F5,-0.02720203338034277,-0.5076351999527918,0.6120307698502239,0.9959664730006237,348,-0.13165642959886725,0.077849787501996,Pearson's product-moment correlation,two.sided,
functionalConnectivity_Yeo7networkParcellation_Visual,FC visual,Brain MRI,F6,-0.07213919676045362,-1.3492546486512402,0.17813236474393912,0.711416202445614,348,-0.17564076730388986,0.03293973030191877,Pearson's product-moment correlation,two.sided,
functionalConnectivity_Yeo7networkParcellation_Visual,FC visual,Brain MRI,F7,-0.05201302014064349,-0.9716054676878801,0.3319216908257677,0.9878586364178354,348,-0.15599229532214384,0.053106368817619,Pearson's product-moment correlation,two.sided,
hatoum2023-executive_functioning,Executive functioning,Cognitive,F1,0.14148774065305217,2.666241949818976,0.0080284157589441,0.09901712769364392,348,0.03720981603311078,0.24271754682866858,Pearson's product-moment correlation,two.sided,*
hatoum2023-executive_functioning,Executive functioning,Cognitive,F2,0.12464084056187584,2.3434188860105745,0.019670310344301774,0.1512722620140075,348,0.020073294138978848,0.22651105518272677,Pearson's product-moment correlation,two.sided,*
hatoum2023-executive_functioning,Executive functioning,Cognitive,F3,0.1159900780165551,2.1784707146937397,0.03004166074871625,0.3332501007356971,348,0.011297622650455433,0.2181671612232982,Pearson's product-moment correlation,two.sided,*
hatoum2023-executive_functioning,Executive functioning,Cognitive,F4,0.06831287411534345,1.2773440855873006,0.2023323244608068,0.6242897321514871,348,-0.03678034390631444,0.1719116018069202,Pearson's product-moment correlation,two.sided,
hatoum2023-executive_functioning,Executive functioning,Cognitive,F5,-0.0249030763434689,-0.464704984102489,0.6424333505381843,0.9959664730006237,348,-0.1293951050451047,0.08013595102181323,Pearson's product-moment correlation,two.sided,
hatoum2023-executive_functioning,Executive functioning,Cognitive,F6,0.12390572395006431,2.329381535119886,0.020410586548119815,0.25173056742681105,348,0.019326936181000592,0.2258025961838486,Pearson's product-moment correlation,two.sided,*
hatoum2023-executive_functioning,Executive functioning,Cognitive,F7,-0.05232038537317682,-0.977362777434278,0.3290685085325049,0.9878586364178354,348,-0.15629298511570824,0.052799029049960755,Pearson's product-moment correlation,two.sided,
Neuro_BIG5,Neuroticism,Personality,F1,-0.08028794288117312,-1.5026029881966403,0.13384832418233955,0.5979426830679047,348,-0.18357271571736364,0.0247501945311641,Pearson's product-moment correlation,two.sided,
Neuro_BIG5,Neuroticism,Personality,F2,0.0011753503589706647,0.021925891781356812,0.9825196373356411,0.9825196373356411,348,-0.1036672483079975,0.10599211652383023,Pearson's product-moment correlation,two.sided,
Neuro_BIG5,Neuroticism,Personality,F3,0.03667250495226162,0.6845771984741142,0.4940664207621517,0.7616439318157506,348,-0.06842035400290362,0.14096042623572885,Pearson's product-moment correlation,two.sided,
Neuro_BIG5,Neuroticism,Personality,F4,-0.021695336405915554,-0.40481653496391773,0.6858610884828198,0.7930268835582603,348,-0.12623805652117093,0.0833239945238625,Pearson's product-moment correlation,two.sided,
Neuro_BIG5,Neuroticism,Personality,F5,-0.0075348951813642194,-0.1405656373024975,0.8882944218654212,0.9959664730006237,348,-0.11227603603123687,0.09737184270144499,Pearson's product-moment correlation,two.sided,
Neuro_BIG5,Neuroticism,Personality,F6,-0.0458753334844398,-0.8566952013171818,0.39220289144669185,0.8609416314968369,348,-0.14998387120937734,0.05923938045175548,Pearson's product-moment correlation,two.sided,
Neuro_BIG5,Neuroticism,Personality,F7,-0.052510302490439066,-0.9809202859381051,0.32731349752716266,0.9878586364178354,348,-0.15647876793072066,0.05260911771276654,Pearson's product-moment correlation,two.sided,
open_BIG5,Openness,Personality,F1,0.041507309347669455,0.7749766902090498,0.43887968913048214,0.9625205808903161,348,-0.06359924960319463,0.1457031508560765,Pearson's product-moment correlation,two.sided,
open_BIG5,Openness,Personality,F2,0.055793750577316295,1.0424427177116622,0.29793010380809937,0.6889633650562298,348,-0.049324567015778246,0.15968957597888359,Pearson's product-moment correlation,two.sided,
open_BIG5,Openness,Personality,F3,-0.035370172942098585,-0.660235142960011,0.5095397033632736,0.7616439318157506,348,-0.13968207851970266,0.06971815710283097,Pearson's product-moment correlation,two.sided,
open_BIG5,Openness,Personality,F4,0.05689228449974138,1.0630335772253467,0.2885038248191575,0.6242897321514871,348,-0.0482251563729027,0.16076331639363037,Pearson's product-moment correlation,two.sided,
open_BIG5,Openness,Personality,F5,0.06450596215635011,1.2058545275524504,0.22869280312700668,0.9959664730006237,348,-0.040598395877704675,0.16819840515998863,Pearson's product-moment correlation,two.sided,
open_BIG5,Openness,Personality,F6,-0.08606268366486383,-1.611457497545858,0.10798659680179554,0.7054272353763162,348,-0.18918568811283853,0.018937999397475837,Pearson's product-moment correlation,two.sided,
open_BIG5,Openness,Personality,F7,0.0038702334607035086,0.07219880974829347,0.9424851686640959,0.9878586364178354,348,-0.10100056971770816,0.10865597564535769,Pearson's product-moment correlation,two.sided,
PGC2_exclUKBB_excl23andMe_alzheimers,Alzheimer's,Neuropsychiatric,F1,0.03650955395115162,0.6815312717004174,0.4959886778506053,0.9625205808903161,348,-0.0685827578054495,0.14080049524057114,Pearson's product-moment correlation,two.sided,
PGC2_exclUKBB_excl23andMe_alzheimers,Alzheimer's,Neuropsychiatric,F2,0.011965026328707091,0.22322065080921788,0.8234947500892854,0.9682115369898555,348,-0.09298142513549404,0.11664854068267785,Pearson's product-moment correlation,two.sided,
PGC2_exclUKBB_excl23andMe_alzheimers,Alzheimer's,Neuropsychiatric,F3,-0.007783412104534493,-0.14520206839724448,0.8846353945289603,0.9418648249373676,348,-0.1125214277173645,0.0971256616406987,Pearson's product-moment correlation,two.sided,
PGC2_exclUKBB_excl23andMe_alzheimers,Alzheimer's,Neuropsychiatric,F4,0.04627647979608295,0.8642023826828537,0.3880719956617352,0.6242897321514871,348,-0.05883878191461906,0.15037680420559357,Pearson's product-moment correlation,two.sided,
PGC2_exclUKBB_excl23andMe_alzheimers,Alzheimer's,Neuropsychiatric,F5,0.012484657995591468,0.23291642760924958,0.8159632327275843,0.9959664730006237,348,-0.0924661841070297,0.11716114728428274,Pearson's product-moment correlation,two.sided,
PGC2_exclUKBB_excl23andMe_alzheimers,Alzheimer's,Neuropsychiatric,F6,-0.016558147996318984,-0.3089305985618025,0.7575591862019843,0.91828657765561,348,-0.12117763498131749,0.08842516496483883,Pearson's product-moment correlation,two.sided,
PGC2_exclUKBB_excl23andMe_alzheimers,Alzheimer's,Neuropsychiatric,F7,8.163313270552445e-4,0.015228468514813026,0.9878586364178354,0.9878586364178354,348,-0.10402239612154471,0.10563711698027495,Pearson's product-moment correlation,two.sided,
PGC2019-TouretteSyndrome,Tourette's,Neuropsychiatric,F1,0.024233286327944012,0.452198891454007,0.6514074428192776,0.9625205808903161,348,-0.08080180589255757,0.1287360745557362,Pearson's product-moment correlation,two.sided,
PGC2019-TouretteSyndrome,Tourette's,Neuropsychiatric,F2,-0.02923347802143598,-0.5455766347897435,0.5857065144325073,0.9087925823186654,348,-0.1336537164487315,0.07582872782022552,Pearson's product-moment correlation,two.sided,
PGC2019-TouretteSyndrome,Tourette's,Neuropsychiatric,F3,-0.05377984676004592,-1.0047040230069586,0.3157374679933206,0.7131757631065817,348,-0.15772048657380003,0.051339416752008725,Pearson's product-moment correlation,two.sided,
PGC2019-TouretteSyndrome,Tourette's,Neuropsychiatric,F4,-0.032742306136938834,-0.6111274709007906,0.541514163275975,0.6753270026029395,348,-0.13710154850300973,0.0723358027614762,Pearson's product-moment correlation,two.sided,
PGC2019-TouretteSyndrome,Tourette's,Neuropsychiatric,F5,-0.017681595150353502,-0.32989745386569963,0.7416759392285924,0.9959664730006237,348,-0.12228475883319455,0.08731006480708883,Pearson's product-moment correlation,two.sided,
PGC2019-TouretteSyndrome,Tourette's,Neuropsychiatric,F6,-0.08453898621203322,-1.5827202039194566,0.11439360573669993,0.7054272353763162,348,-0.18770532834409198,0.02047226891813795,Pearson's product-moment correlation,two.sided,
PGC2019-TouretteSyndrome,Tourette's,Neuropsychiatric,F7,0.03287898827032658,0.6136813659822824,0.5398268245118223,0.9878586364178354,348,-0.07219968793503316,0.13723580345910633,Pearson's product-moment correlation,two.sided,
PTSD-PGC-2019,PTSD,Neuropsychiatric,F1,-0.0037424822278584982,-0.06981558960370197,0.9443805392123059,0.9625205808903161,348,-0.10852972907802008,0.1011270179454816,Pearson's product-moment correlation,two.sided,
PTSD-PGC-2019,PTSD,Neuropsychiatric,F2,-0.025189533572866577,-0.470053806804527,0.6386110037914946,0.9087925823186654,348,-0.1296769324375932,0.07985114816129907,Pearson's product-moment correlation,two.sided,
PTSD-PGC-2019,PTSD,Neuropsychiatric,F3,-0.06943721433338837,-1.2984685196272452,0.19498618909813403,0.7114292454964377,348,-0.1730077011620235,0.035652126382930686,Pearson's product-moment correlation,two.sided,
PTSD-PGC-2019,PTSD,Neuropsychiatric,F4,-0.1024621408951144,-1.9215195940766332,0.05548270336610252,0.5132150061364483,348,-0.20508908653544458,0.002393392385471317,Pearson's product-moment correlation,two.sided,
PTSD-PGC-2019,PTSD,Neuropsychiatric,F5,-7.775646229222804e-5,-0.0014505279996386313,0.9988434776434794,0.9988434776434794,348,-0.10490672698844,0.10475292304083687,Pearson's product-moment correlation,two.sided,
PTSD-PGC-2019,PTSD,Neuropsychiatric,F6,0.008442290713267141,0.1574945037136277,0.8749464793907472,0.91828657765561,348,-0.09647291382967545,0.11317195873403073,Pearson's product-moment correlation,two.sided,
PTSD-PGC-2019,PTSD,Neuropsychiatric,F7,-0.04190125451198859,-0.7823448563326328,0.43454393601198305,0.9878586364178354,348,-0.1460893823654432,0.06320620445871929,Pearson's product-moment correlation,two.sided,
rare_neurodevelopmental_condition,Neurodevelopmental condition,Neuropsychiatric,F1,-0.0063120697668322175,-0.11775248043333224,0.9063317158637254,0.9625205808903161,348,-0.11106840220482836,0.09858298756450395,Pearson's product-moment correlation,two.sided,
rare_neurodevelopmental_condition,Neurodevelopmental condition,Neuropsychiatric,F2,-0.12387485204971725,-2.328792109015033,0.020442197569460474,0.1512722620140075,348,-0.22577284143610726,-0.019295594739937,Pearson's product-moment correlation,two.sided,*
rare_neurodevelopmental_condition,Neurodevelopmental condition,Neuropsychiatric,F3,-0.061425150282425164,-1.1480391710117925,0.2517409577752669,0.7131757631065817,348,-0.1651912782612338,0.04368597757261564,Pearson's product-moment correlation,two.sided,
rare_neurodevelopmental_condition,Neurodevelopmental condition,Neuropsychiatric,F4,0.04976244618251686,0.9294579184369823,0.35329608708263094,0.6242897321514871,348,-0.055356149716122675,0.15379001260409667,Pearson's product-moment correlation,two.sided,
rare_neurodevelopmental_condition,Neurodevelopmental condition,Neuropsychiatric,F5,-0.011504101385850965,-0.21462043095248462,0.8301889721671429,0.9959664730006237,348,-0.11619380044791296,0.09343840844800358,Pearson's product-moment correlation,two.sided,
rare_neurodevelopmental_condition,Neurodevelopmental condition,Neuropsychiatric,F6,-0.007183783575214223,-0.13401520297166947,0.8934680215027557,0.91828657765561,348,-0.11192931807015528,0.0977196322567952,Pearson's product-moment correlation,two.sided,
rare_neurodevelopmental_condition,Neurodevelopmental condition,Neuropsychiatric,F7,-0.010350776064769385,-0.1931015682890463,0.8469920736916359,0.9878586364178354,348,-0.11505575814898916,0.09458167732206478,Pearson's product-moment correlation,two.sided,
UKBB_fastGWA_leftHanded,Left-handed,Other,F1,-0.07068862398989156,-1.3219862220752483,0.18704103516122364,0.5979426830679047,348,-0.1742273766613086,0.03439608614765613,Pearson's product-moment correlation,two.sided,
UKBB_fastGWA_leftHanded,Left-handed,Other,F2,-0.07883536922816352,-1.475246227359411,0.14105050797009858,0.5798743105437385,348,-0.18215977222642823,0.026211072527864955,Pearson's product-moment correlation,two.sided,
UKBB_fastGWA_leftHanded,Left-handed,Other,F3,-0.0742121501503768,-1.388237808089408,0.1659526683761717,0.7114292454964377,348,-0.17765984495454354,0.030857737790954,Pearson's product-moment correlation,two.sided,
UKBB_fastGWA_leftHanded,Left-handed,Other,F4,0.11619250164038693,2.1823245231137194,0.029753779255404175,0.5132150061364483,348,0.011502784977566483,0.2183625751057185,Pearson's product-moment correlation,two.sided,*
UKBB_fastGWA_leftHanded,Left-handed,Other,F5,0.07913878672825354,1.4809597940683503,0.13952210000834495,0.9959664730006237,348,-0.025905957462007426,0.18245494693312633,Pearson's product-moment correlation,two.sided,
UKBB_fastGWA_leftHanded,Left-handed,Other,F6,0.029059524853655965,0.5423274410145655,0.587940065782834,0.9126226895349976,348,-0.07600182552312175,0.1334827214236447,Pearson's product-moment correlation,two.sided,
UKBB_fastGWA_leftHanded,Left-handed,Other,F7,0.026265019799208186,0.49013668087961815,0.6243460447295339,0.9878586364178354,348,-0.07878172007786007,0.1307348855700507,Pearson's product-moment correlation,two.sided,
vocal_pitch_median_f0,Vocal pitch,Other,F1,-0.01737205015115512,-0.3241203048984733,0.7460416739997493,0.9625205808903161,348,-0.12197973739646363,0.08761733620883429,Pearson's product-moment correlation,two.sided,
vocal_pitch_median_f0,Vocal pitch,Other,F2,0.07189476627272007,1.3446591519488842,0.1796110863248215,0.6269257505398296,348,-0.033185166538163495,0.1754026321230547,Pearson's product-moment correlation,two.sided,
vocal_pitch_median_f0,Vocal pitch,Other,F3,-0.025203309219348817,-0.47031103307240163,0.6384274278957407,0.8436362440050859,348,-0.1296904850111042,0.07983745164074088,Pearson's product-moment correlation,two.sided,
vocal_pitch_median_f0,Vocal pitch,Other,F4,0.032254095945450104,0.6020055805215718,0.547562434542924,0.6753270026029395,348,-0.07282195465221414,0.13662197655467548,Pearson's product-moment correlation,two.sided,
vocal_pitch_median_f0,Vocal pitch,Other,F5,0.04301265025021993,0.8031338640600256,0.422445557629618,0.9959664730006237,348,-0.062097172075808366,0.147178845209073,Pearson's product-moment correlation,two.sided,
vocal_pitch_median_f0,Vocal pitch,Other,F6,0.03272143825701302,0.6107375592036944,0.541772007420364,0.9111620124797032,348,-0.07235658368367959,0.13708105085385122,Pearson's product-moment correlation,two.sided,
vocal_pitch_median_f0,Vocal pitch,Other,F7,-0.021442818148233792,-0.40010257871833654,0.6893264478162408,0.9878586364178354,348,-0.12598943882177152,0.08357487100693405,Pearson's product-moment correlation,two.sided,
