sample,Factor1,Factor2,Factor3,Factor4,Factor5,Factor6,Factor7
sample1,-0.23046936305168764,0.01661020581109397,0.7027206121814843,0.3676004777624795,0.22169776171434252,-0.8294861310138749,-1.5379729954034287
sample10,-0.21124924869878228,1.4673822767843956,-0.045252883308150874,0.014681848744923861,-0.3722336246015034,0.6912830697101979,-0.2758291591757236
sample100,0.16205374595594196,0.6036560120175477,0.09908090872505061,0.3823227956768198,-0.4080949108601569,0.47701150981752727,0.3655013910244635
sample101,-1.2025991883078089,0.0915736885031912,0.6397378319994882,0.930637717653081,0.3322975932923331,0.36685484095889953,-0.12244851892765392
sample102,-0.9888310537007272,1.0191462780269167,-0.4396286463597662,-0.4557947946072717,0.11708203409792207,-0.45544594268071154,-0.6730277813778667
sample103,-0.7207095520536646,-0.423067294811166,0.3513870085955225,-0.06229619838421276,-1.3521234514707707,-0.22265422938821297,-0.048257044068447025
sample104,0.23632915796240625,-0.9016816277639073,-1.491083318502894,-0.17765106474835388,0.2326242666526128,-0.4550828760292677,0.2834195746778048
sample105,-0.7504511574648152,-2.385023633863086,-0.820523862491263,0.9464813154077992,0.681927888281546,-0.7187931153675683,-0.2727720363176373
sample106,0.15815698588114827,-0.236866289299488,-0.4722484136063493,0.33992225778696583,0.06593495643871236,-0.1985541649585283,-1.5841791003303762
sample107,-0.9843298618259286,-0.06697938896310915,0.38134133859280295,0.9261192561428161,0.727132031783006,0.2878243222866921,0.19162550895343777
sample109,0.8855606182927177,0.028114756178262985,1.4821406046066419,-0.1085653829305496,-0.2175673299509224,0.30501958559674985,0.2927734063263355
sample11,1.063861933795906,0.007678241545594231,-0.35257996211552434,-0.690081745084596,-0.5041076433976243,-0.9240893931064568,1.0512778674054886
sample110,1.183452143977338,-0.16190873308350773,0.5146682173455133,-0.156625543546964,0.22809585648593625,-0.676874965252831,0.4704966950113748
sample111,-0.3382990571019269,0.22700492621613655,0.42918344740622816,0.978603106242495,-0.0447247899886163,0.5606982602435132,-0.25814108779240935
sample113,0.33669153871775526,0.22815045189208016,1.2137649764787084,-0.813658538104896,-0.01894414952727714,-0.0011179453757377902,-1.202484079303002
sample114,0.46258431288367946,0.23351198960084002,1.0330991955760493,-1.4812520279100758,-0.5567704054306706,-0.4582304369782628,-0.5513974274366755
sample115,-0.5547990994532601,-0.5585390623977766,0.19323283257916923,0.1621244568221935,-0.5773980486795721,0.1484155076566736,-0.2776543048619074
sample116,-0.07952128827317176,-0.638869886378034,-0.5503275931238684,0.4396923337013538,0.4517136485182898,-0.959665945796737,0.860121720400651
sample117,0.9676964626910495,1.142910925326884,1.1648840644737666,0.419955825880188,-0.1279744754186576,0.008391807282435264,-0.7830756424281464
sample118,-0.4751321428077873,-1.6367678480921672,-2.7689598373530773,0.02761778351618266,-0.30481892548122386,-1.4483623893979982,-0.31082237343153785
sample119,-0.9921053290869416,0.4734523767574718,1.0428882531891643,0.5286921399012217,-0.5552655058885111,0.20196221468371767,0.1214555284138646
sample12,-1.4701108739932236,1.0672416159022406,0.8626332276852535,0.19792242944591537,1.0873298886499072,-1.6834597232494035,0.9531308264783369
sample120,-0.41598930542664603,-0.4872297833842675,0.8094546517286888,-0.25153547488560657,-0.3588598484705969,0.03412842869092639,-0.04452712660665433
sample121,0.004993567185792811,-1.8037364678994694,0.3745145848539613,0.13772454408023843,-1.136824257213553,-0.4141602978203721,0.12123466752855007
sample122,-0.6242792528748566,-0.1605293167575248,0.5312300114539831,2.225733903636644,0.27301396721757015,0.032038322455184454,-0.416694089059525
sample123,-0.13322602502484943,1.7930969343362515,0.8950979346443801,0.4705241071576872,-1.2953009822522479,0.006684541133056741,0.18514489075805646
sample124,0.12175788200073255,0.8402990646357952,0.7905589690811111,-1.122516734871276,0.8099602493983249,-0.2113271727219913,-0.3354706809267437
sample125,-0.10193607975786374,-0.7353143998233965,-0.8998753262899438,0.9604690760964313,0.323342560819119,1.1162539991887286,0.3361811590649089
sample126,0.31500772037461783,0.26897544600401957,0.009869549915376447,-1.100908434344101,0.020429941604092443,0.2276865251614678,-0.9376786601210717
sample127,-0.3143930162550739,0.881707909422992,0.5057837440415224,-1.0274291558871496,1.3823533949820577,0.20803151496753775,0.6636824878456122
sample128,-0.0884008229927519,-0.6741951127987477,1.5292906735458986,-1.0000241303924786,-0.4643568698476064,0.49403045379932065,0.39078919175237303
sample129,0.8246334948125401,0.6086795724605325,0.59478349473862,0.01011906380935325,0.09128472065213276,0.17681211662354138,-0.45807277225410864
sample13,-0.6245691584990372,0.5661041268490727,1.240452043250352,0.20803519088187594,-0.14500264378691788,1.1020883469522982,-0.4355418440506536
sample130,-0.09546760638947988,0.5302409450871994,1.1626750115215763,-0.9337577634945089,-0.30922658488076604,-0.3210493249671244,-1.2823770232044325
sample131,0.6039692911397206,0.8886455468519359,-1.6275863913452677,-0.8146023191688672,-0.24461604855437702,0.3327764485177146,0.41855239465353894
sample132,0.02352116410582928,0.4341510848799111,-1.139055208091814,-0.4374799934981037,-0.7497191687631516,0.15344388836871886,-1.1333932518096466
sample133,0.042739650732034264,1.5588202334345649,-0.9542435273560324,-0.12354128509454224,0.09850595172667691,-0.16182857779206794,0.28685766993214384
sample134,1.5345967820405413,0.5695735135320064,-0.8226019297972355,-0.8633316259242106,1.4082210451499684,0.37388336071044265,0.23212278241257955
sample135,1.7161560148641208,-0.09329935890344823,-1.4063850537384082,-0.13874229489714587,0.5214753472886763,-0.33565890041904795,0.20161728961699316
sample136,0.03805235673396031,-0.22187892123248243,-0.4497264470780495,-0.8409114148978558,-0.6590738816112959,-0.29176846476246154,1.3668257487324702
sample138,-1.3179631832298941,0.06402876985711656,-0.24835813558516717,0.1414005379579515,0.5259097246932175,0.8808475864960068,0.03888352534371471
sample14,0.682768474312956,1.192378610297879,0.5687330610628633,0.7467211416518252,-0.5658109176230808,-0.017721128933564038,1.980714074446088
sample140,0.8127809490352658,-0.2456233321351205,0.3497164275345142,0.8198097133884762,0.07078517173230592,-0.6412792429331371,-0.313043124414266
sample141,-0.07688166518050277,-1.7210679677352902,-0.5235420337074815,1.1082735657339209,1.3041043025383035,-1.3694713050671998,1.315962550578757
sample142,0.5178098022598162,-1.7263951536155506,1.1412644091836723,-0.09103331916245427,-0.2358508427252277,0.3708357968389176,-1.442090894296183
sample143,-1.1707734088318267,0.6798862440214696,-0.3007072490089848,-0.4979190198600576,0.2568655746205738,-0.4666264255884839,-0.11541624893127174
sample144,1.4778195984112905,0.3194056596109222,-0.7758991820183023,1.073469574662639,-0.43101977559367677,-0.026665682752074718,-0.409106709451366
sample145,0.4993927697688107,-0.5326096355387997,-1.2019022263186683,0.006183528611913756,2.4258887563163567,0.5941051511203564,0.7696101543887852
sample146,-0.8762013048661947,-0.2477592003716852,-0.23198188207837822,-0.8893293139620478,-0.31133256166314965,-0.0400886554725005,-0.39839415297366426
sample147,-0.17431183578074266,-0.740446645778173,-0.6031121747191276,-0.85404273508566,-0.843619601058379,0.12155454363992824,-0.06540853535007254
sample148,-0.6660109635401852,-0.40590595355803116,-0.3058864207451101,-0.8278763533824002,-0.23476463676189704,0.5959652727576112,-0.37220333993104526
sample149,-0.49752627812395145,-0.5065073251605089,-0.23207001476405353,1.4066683422290986,0.21433144666822024,-0.5070587459143149,0.5173828825769455
sample15,2.2010839207902904,-0.2770068175673855,0.852171353519034,0.34395177200095217,-0.8403783077807303,0.8679765342082014,0.29255484386110764
sample150,-1.267725793003394,-1.5777155371380127,0.20246448542150142,-1.1205795472874511,2.104702880056992,0.06932496838341312,1.8867431180706182
sample151,-0.11442005900964089,-1.7937573010997947,0.0017584675091141255,5.216045932006259e-4,0.49154071732246457,-0.19741306240449913,0.3793741849105047
sample152,-0.972415679948856,0.08350702695814588,0.8411339122634057,-0.8143409684212115,-0.1549782019787401,0.1603591221946613,-0.5506016469948873
sample153,1.6462120847726442,-0.7488305747419725,-0.11319916084535164,1.322197453058306,0.15504969189315537,0.5946722631404419,1.0386016769521478
sample154,-1.5093644731508324,0.15377110545715011,1.1027361753404095,-0.5324378380599118,-0.19895623839298734,-0.5868830792782453,1.5011401693888462
sample155,-0.12344397621611539,-0.5869613846949181,0.16043779775147504,0.4390783428454061,-0.03714683392172412,0.5657744549126023,0.16855749791520086
sample156,-0.07408661001904707,-1.1301632373544255,1.1255264526653912,0.01273451127927688,-0.13207818706719662,-0.49993652973346703,-0.40622543283841334
sample157,-0.5982606069695847,0.6766550239499223,-0.3449537534407654,-1.7126785302732548,-0.5280881671324335,0.40399062549052184,-1.042962352091515
sample158,-0.015302303135008013,-2.3502208863113485,0.9703216318208144,-1.0510983996216863,-0.7785489146647518,-1.2281923665103367,-0.07772578825740994
sample159,0.438461988135181,0.11880942517610663,0.01830089386617048,-0.7099644940514787,1.2726279751122147,-0.2885238331122229,0.45897841158195607
sample16,1.300926118222522,-0.48504575423983154,-0.1160305590253009,1.2906593951754664,0.20189995438568967,-0.2937031656142783,-0.08152958349250947
sample160,-0.6221432412768224,0.5983275062366988,-0.5434316165713948,-0.7500054141785392,-0.5324212276709569,0.5811035849697723,0.18936666157591064
sample161,-0.5941936406667415,-0.1394755456584012,1.0890644146488642,0.15088932723308401,0.5385746825619043,0.3432207842515827,-0.455254637741425
sample163,-1.1374267608719462,0.3067086643800226,-1.6008827202711418,0.6115338842577993,-0.20790591384867468,-0.5716975967218443,-1.1755210401853093
sample164,-1.2193492316711367,0.9994440016483878,2.284779696478019,0.06779175212573837,1.6122041046771385,0.19772214235457192,0.2424285030317488
sample165,0.3311991700305481,-0.33735466401112096,1.3271601322701643,0.6200774690978575,0.14075990209567063,0.48828346294523717,1.5909066958842502
sample166,1.2367370614157065,0.19040073061168183,1.1560863944150732,0.2578262586888157,-0.45809243843354414,-0.2764601559621677,-0.5078849371162293
sample168,-2.318767464442351,-0.16199534058455273,1.1638000555816967,0.057724925544804837,1.405407929805039,-1.0869360715975644,-1.1684782793858797
sample169,1.7600152494029153,-0.41089068605407836,0.32427571161324675,0.22406797297287054,-0.22208064397900662,-0.04288316355693765,0.48867909183892944
sample17,-0.517643272540402,0.033197711577337315,-0.7875364492020833,-0.38998859022911336,-0.6623260861816763,1.1845577610014097,0.12935319219754593
sample170,-0.4556805211763644,0.09736739056581263,-0.1543685660388548,-0.07023323225572192,-0.3720407875500912,-0.8699301658718346,0.6801512512988437
sample171,-0.7221905717208084,-0.7116726374017455,-0.6157160870595191,-0.4289954940440766,0.34348929730418337,-0.9139396506981948,-0.2819381439704669
sample172,-0.6214931098750339,0.4503369348252959,-0.9113465474181869,5.079720391915413e-4,0.572999496055901,-0.31547616926538863,-1.044276372049974
sample173,-0.1619845920438047,-0.751088441955413,1.086367554749431,0.21614965934553212,0.26960262553292585,0.25937225652301293,1.13716494115638
sample174,-0.8201632579179688,-0.42698161384533617,0.5621065555073235,-0.2664578823036073,0.0693652416402337,0.08113509533053458,-0.5186671048820564
sample175,0.1291802926548209,0.22080416876156295,2.040384394215872,1.115423465348445,-0.2236669878485377,0.22312396180852945,0.5041460955028866
sample176,-0.8937040114014696,-1.1046946815051748,-0.21417059212287098,0.35169196105783235,0.9003017279808737,-0.6111744470833248,0.703902255646094
sample177,0.19172501291728325,-0.005732911187507719,-0.9603695639309903,0.011039016630875455,0.12218321928977073,0.42589929279153743,-0.03956702051953501
sample178,-0.8161459082442156,0.7106081379851124,0.6646542719743841,0.6589858623167535,-0.8131782564262205,-0.6801385767306032,-0.24712383355422213
sample179,-0.1230726391424265,-0.2525671084726031,-0.6506897572547135,-1.1524334751207415,-0.06917046164440227,-1.0586992402563227,-0.3577391016659562
sample18,-0.3734019020156029,-0.16972357682037786,-0.06205591065004323,0.07481693496221377,0.38448217344000474,-0.4470071412059997,0.1927345804520616
sample180,1.087788668481862,0.1916934655572563,0.3149467749631775,-1.2548494793488993,0.7319134354286556,0.30255523875669765,0.5865428591912836
sample181,-0.3344056597401776,0.3963723783999616,0.09082011125523223,-0.077046204619892,0.6201015715251447,1.1656234190318693,-0.08724551670213268
sample182,-0.1551241153971348,0.5357037086569022,-0.157039537305805,-0.43938672941704593,0.39123397865175313,0.37896544335268295,-0.16099237982473041
sample183,-0.09773874055049797,0.47190575714218524,-0.2528721971392155,-0.21498052156203698,0.258418489519401,0.8330923338543146,-0.035207936634666384
sample184,0.3029653092584384,0.3552174624360835,0.37547788828564704,0.2772396371716992,0.7487640295332556,0.08448122991182438,-0.22232826092687347
sample185,0.16777443647386536,-0.20817175891128903,-0.8954054178389602,-0.7668842412516046,-1.0634017195628902,-0.37568641796187763,-1.4062807772920753
sample186,-0.8113822989340441,0.18710640537487605,-0.9127336301843502,0.06706064625892115,2.005512789670169,0.6720563363134391,0.05558472010321587
sample187,-0.5945970350358695,0.8068736849466038,-0.8121948213641756,-1.2591618398964912,-0.747855344765919,0.9503828429155211,1.3138215001017977
sample188,0.9839867755970081,0.8154545956893771,0.06239185678404456,0.3990185369515082,-0.05729492442179067,-0.14675302514605928,-1.480503986307647
sample189,0.21081155541799423,0.11332550061740411,0.11596635366033567,1.1433587973076431,-0.4383059571795311,1.3605561415421397,0.385467830824781
sample19,0.8660040284255871,0.1923358631529955,1.2545272487454615,0.5999579238346845,1.3449729566303532,0.35959804813393104,-0.4469936969573195
sample190,-0.17348545294183343,1.3180576466959275,-0.23537301616724238,0.4607426865785122,0.1801546572199967,0.5064819366250676,0.19530448124684585
sample2,0.2869175806228895,0.03686269085547835,0.3041753643010909,-1.0363886934553033,-0.3422219104786368,1.1060717559436446,0.36692490901331226
sample20,0.0722210261504886,1.3569045586487223,0.16192769235850196,0.4804236939722697,3.406520456074577,0.005226785058657868,0.578008917745651
sample201,0.9051134825635555,-0.554305073242856,0.08571919262902447,-1.7629654231019694,-0.1357940117696467,0.5408409188504377,1.497794178374466
sample202,0.19614936954141723,-0.2424449114391834,-0.2775759882131151,1.4675085562649273,1.3135660888656056,0.62928847181775,-0.4840959153543948
sample203,-0.5323145249923987,1.3664729246867773,0.6347345936642608,-0.747171816663415,0.07174547884365003,-1.519810635053148,0.5731159077036492
sample204,0.6801997367363917,0.6574308356671911,-0.7753801211883514,1.0176438326355917,0.12665708625326266,1.0804940655007496,1.103978346861179
sample205,1.3947012280942843,0.7660513298516461,0.35803411279996006,-1.9182232306884504,0.18254747423677262,0.06864651732967762,-0.13877750081948398
sample206,-1.3620913505532941,0.5467362391102527,-0.48779956640835853,0.11091972305021211,-1.3253778433514634,0.19905832571104579,0.1445443254009126
sample207,1.675018150458218,0.12902432259181296,-0.33322546021438376,1.5617786253290367,-0.7708994780185966,-0.3321445177828901,0.36388411433658296
sample208,-0.5522404404992223,0.10524005772945152,-1.008512666225101,-0.13897341786743986,-0.6265507419453534,0.08975743310129361,-0.7978642795766103
sample209,0.8882496157068371,-0.6776345007587317,0.735809949323054,-0.9749460432983449,-1.313825461367333,-0.2541198062137364,-1.305255859128876
sample210,-1.0166506178631742,0.4577545440065184,-0.10984688156409694,0.19544477110324224,-0.08879158138329217,0.07158712241937455,-0.16346723689945397
sample211,1.4780380982306967,0.6613031455562962,0.7534315805307864,0.9757117711144216,-0.6858098872718384,-0.24291714669736492,-0.4567771573848347
sample212,0.11286535170439027,0.4751452724762885,1.7749247269245823,1.660743596452932,1.751006495567402,-0.11239633282814551,1.0539105831610383
sample213,-0.7444990120479151,-0.6611919102531193,0.4822906405197033,0.202850131487386,1.3832276331599138,0.31030546832980044,-1.0689706437626294
sample214,0.8395148823259297,1.1163435230864733,0.7866459892566501,-0.3362420463866759,0.45732663116584527,0.15334022435983177,0.5381716784574314
sample215,-0.6669284877861608,-0.08109735451633593,-0.6658474799059815,-0.6578539106273928,1.5228232359989933,-0.7464057999754415,-0.24291342579475522
sample217,-0.5185283669475923,-2.894452911016476,-1.4645769857571596,0.3296962490792441,-0.4854414587551881,-0.7950387327738316,-0.16669882665138158
sample218,-0.35189479391040435,0.3431393193914907,-0.5820904912768812,-0.5003966942898909,0.1809200708367326,-0.1741478783346293,-0.6402986819892241
sample219,0.7631238301474382,0.12225483760225542,1.3376060371315321,0.5741155637319824,0.8890980423868384,-1.6148626556209393,0.399122905076643
sample220,-0.6342799888207596,-1.435165926200473,-0.35419377362568144,0.08821073776753552,0.31064785447073306,1.5300354464177075,0.9224296787982174
sample221,-1.7000866627163442,-0.1810241631891205,1.5314969657562507,0.1747398066442606,0.7379264121380122,0.3418600438850299,-0.6056001505503511
sample222,0.7886925020972615,-1.1806675629202255,-1.3461372837458336,-0.6642597836388355,0.45804610015308256,-0.30281211679281406,-0.12097376846760102
sample224,0.022564589699431474,-0.597900961434987,0.7566462527278048,-0.0735984575936636,-1.1943399545648905,-0.3135732092402506,0.10695251727185053
sample225,0.8160113431987565,0.5962698899197234,-0.313056842919972,0.9926222311417388,-0.3962467442298856,-0.19913521144144153,-0.49202123600995373
sample226,0.6643040189834619,0.0807504183426776,0.14650865375959593,0.8515921500711601,-0.5841365753549072,0.43802243825567955,0.24474888313067844
sample227,-0.8382970568860427,-1.3277654666417282,0.27906455433357313,-0.3654146534341254,-0.8787858487322444,-0.4806586727487004,1.2255165942150612
sample229,1.790066316431955,0.7661003304089619,-0.40686665083525864,0.12455246837109835,2.992674491047094,0.5178642741009725,0.4585569363773653
sample23,-0.5561048486937729,-1.3619277625414223,-0.8611842508445303,0.3914312797017482,-0.07742785963834771,-0.3003220033338421,-1.4391358966712366
sample230,-0.5518800749147947,0.01825885210929671,0.7218228643610002,-0.5448758649976498,0.19116143284848136,-0.9299026236138568,0.09277061786089931
sample231,0.4016362305095968,0.1654124626040962,0.8245369479865334,0.963701779172151,0.36700623158631024,0.41907921704634454,0.06729899665853196
sample232,0.9436531531652619,0.4043592570138761,0.7003413928724326,0.3401912391312282,-0.8176766258850527,0.2805812521078231,-0.8498317140772217
sample233,1.3308451545723656,-0.7671368672155814,-0.31806367585224865,1.1463049539525678,-0.5522952838694576,0.22823854223348927,0.534749216975647
sample234,-1.1424862738090926,-0.5556470495355956,-0.6846690720902778,-0.01697165938395672,0.2123315185717281,-0.17028992048700642,-0.5071726304513019
sample235,1.8519680834274972,1.186636248800087,1.119524560706303,-0.5926608184738331,-0.832835550953831,0.0981654532572934,-1.2024154382158865
sample236,0.3918596366860173,-1.0599215706646534,-0.2266662939559428,1.2645175896426761,1.728272175135339,-0.883524367510005,-0.1275882208593719
sample237,0.2234191336543817,0.1690670382207064,-0.7443875690549353,0.6574424687693861,-0.26440937400371717,-1.375351713794985,0.7443538676873998
sample238,-0.2559119035779881,-0.5985168071193389,0.6896600034104636,0.15315855291510294,-1.1409871498461779,0.07509791925797989,0.33765449590615404
sample239,-0.5858715385304913,0.2827261625553919,-1.7918495300360195,-0.6021760698131966,-0.2834299577357089,-1.3805290451986818,-0.3262963660681648
sample240,0.2040450482170922,-0.010121391335796448,1.8135697971698508,0.49217708773811053,-0.9081227316437834,-0.4016402624830149,1.4380859420975136
sample241,1.1094519189764434,0.6669974004107434,0.14853791638762986,-0.3616133603339287,-0.46077299883430456,-0.8365259777966231,-0.3868089119323112
sample242,-0.6418041471342388,0.621097917540673,0.8404261602179435,-0.6729756109077767,-0.5461570964299615,-0.25171116496712204,-0.3010805026393664
sample243,-0.04378004138599934,-0.10588459862728092,2.0247164285910078,0.7746725978050502,-0.27376818888367865,0.31879219540938547,0.48690782045216785
sample244,0.41919772947758716,1.314433495780919,-0.7385484143879972,-0.43735778871575776,-0.6843841695680457,0.19788876960519736,-0.507261144507683
sample245,-0.3690982153150763,0.34541879193443875,-0.1290001754035081,-0.1667764257156031,-0.5500214991640494,0.7720755638261285,1.2961325117185107
sample246,0.8950337673651416,0.9464711677383925,0.5297902089919839,-0.5886809940450162,0.14237769756127308,0.2708784549513199,0.5056148577636977
sample247,0.16383933601464148,0.4474957431553465,1.1290300306304206,-1.2775296251826072,-0.8536105334564748,-0.630757849676283,-0.7704394688918033
sample25,-0.014642928902473906,-0.5408460640224335,-1.316913749101412,-0.3661681326938226,-0.9678439360391007,-1.779053080122956,0.42400530287376237
sample259,-0.10568795189967486,-0.997234675713269,-0.5289407590101565,0.6343716082163303,-0.8529634207269211,-0.9268804238777234,0.6094054572015728
sample26,1.9806697006627778,1.4785938630018876,-0.45126548818301215,1.0242880170198847,-0.027713865337027764,-0.8016173870303824,2.0496064959837255
sample260,0.9717173107475104,1.890074357411647,-0.9899528284700924,-0.7300257590780561,-0.5269896089031018,-0.22530711176363266,0.060232109545238874
sample261,0.09926470764813938,0.810210520840365,-0.45365757851932975,-1.0644682905779725,0.6401651604222158,0.45521581013642254,0.05964802388333569
sample262,-0.2211209425105278,-1.6808709170920504,-0.5915549775185518,0.7587966622175119,-0.052017892685466915,-0.3855886594186902,1.1278943151804761
sample263,-0.23701452553654817,0.24615128038840917,0.18797473291047742,-0.9508614058944606,-0.2972678398255115,-0.24513957187006052,-1.0032860555235128
sample264,1.7316110227501817,0.4552529817380872,0.2296736428959069,0.10034168730556253,0.2748011616148944,-0.6121630477176304,-0.011738677245794082
sample265,-0.40056415643352794,0.6114925620005545,0.9816771093816307,0.24624724546652585,1.5139793640612813,1.0317559375236405,-0.37054226923528255
sample266,0.8302796937231461,0.619541451848654,-0.3695434591608224,-0.7540276134700358,0.05936927536340452,0.12564900692214287,-1.644824314832586
sample267,0.5960918180953321,0.3415412895707128,-0.2376737637466665,1.3757761935440298,-0.013285843842130494,0.1794308173245782,0.4179352115387222
sample268,1.3853541314368265,0.4425192283318216,-0.21233276967425457,0.7363143062336187,2.580652654112642,1.0467344515904613,0.1697994951270912
sample269,-0.34221814058975714,-1.3285196355376763,-0.9618801654935497,0.8154967077615637,-0.6902456915676546,-0.7153790153545184,0.13123422332823365
sample27,-1.4640349142856248,1.0528332223677084,1.777216036716554,0.5658723863625843,-0.36482632432432777,-0.23366243723775115,0.3283713091420117
sample270,-0.8703433981775263,-1.4062341782100916,-0.938963469157217,0.5990353163356044,0.328291413157538,0.7051656262510857,-0.5284802830534252
sample271,0.220508444934036,0.45203791150713324,-1.1981194075353314,0.23096946200658575,-1.0537133467297306,-0.5482543220739649,-0.2243937624569356
sample272,1.8148573257928322,0.9394474381907023,-0.2718199775038998,2.055627599240956,-0.04168863828301329,0.3327947944115206,0.9275160653570855
sample273,-1.0460856087692543,0.9298454749764146,-0.6404409316706544,0.11702303653386806,-1.0299161788470501,0.9389187347422888,0.14437256347042687
sample274,1.4426406075034444,0.9200121930401803,-0.8694051860006421,0.6673920386155955,-0.1659254793901956,0.024778991045014312,0.3171222424923411
sample275,-0.38287535815134266,0.2077155257828302,-1.3903397868693088,-0.5311575325384503,-0.0875715731862005,0.8607249333683674,-0.8711113578365092
sample276,-0.37551821264250096,-0.572405313993042,0.083728343369221,0.2689458854380254,0.14979794246501113,-0.8300823524033227,0.08293640663508504
sample277,-0.36159025896517377,-0.0679308735278139,-0.31400218746743647,0.3855181439158282,-0.06018266884827328,-0.18784111085948607,-1.1069264871858913
sample279,-0.3967883531069566,0.2622795363306894,0.37261330251687086,-0.34346798677339857,-0.857586590651964,-0.6713322251465578,-0.17502844967559456
sample28,0.3789868038250433,-1.0358900599280407,-0.5309042334339605,-0.6215688729271744,-0.6986613578489745,-0.009669973521100002,0.3769377150153946
sample280,1.9642345419050886,-0.28006172366000026,0.007634572091039092,0.19351238640056773,-0.30834458145254146,0.6219448533204643,-0.4703141039464811
sample281,-1.5733651486677012,0.34791717917032844,-0.23485798959448767,-0.6474249372862775,-0.17534660258119641,-0.03679499174448455,-0.6898296479881786
sample282,0.8493975090569624,0.19244384382190438,-0.2288220919455558,0.47551625595010744,0.32792263302257296,0.6399758555097314,-0.09778225466983202
sample284,1.7125540575880331,0.9543045020548212,-0.7636746275614827,-0.6541749110656574,-1.0133937465063743,-0.4786489664447872,-0.20535016282743884
sample285,-1.1311678705276997,-1.360216045432348,-0.08078970249494188,0.2954677191843686,0.14573771135187438,-0.26377481548426146,0.6220908908287532
sample286,0.9293138813774189,0.3259420547455432,-0.6229252071132917,0.35794741469091257,-0.5624301077672027,-0.17118816904071305,0.9692282198571989
sample287,0.40065665321827976,-1.8133915377894798,-0.6619723091790638,0.5297604422234522,0.2215117050593464,0.2958604104022768,-0.5507200383053037
sample288,0.8162532992256315,0.7823745101410389,-0.19368590470097338,-0.5284493557666724,-0.27695269790893273,-0.44270433947791943,-0.08528897359698373
sample289,-1.6574310316125485,0.3968177075612481,-1.5067638389741673,-0.27318685244173585,-0.7167683056193058,-0.4859794766223025,-0.47353718618545404
sample29,-0.5544933073154277,-0.039585137086421335,0.77837226868923,-0.24293872977287187,-0.8789533479546212,-0.5366558639206597,0.3920043004677763
sample291,-0.7368878856585823,-0.30676652470089727,-0.0930840115532989,-0.6776736556023959,0.08169000063732228,0.6530173040416496,-0.8187114299141075
sample292,-0.7931848799909267,0.5649247685482393,0.48492741236866654,0.10720371978622187,-0.34452527923957804,-0.13296410635307632,-0.8182839913151216
sample293,0.3758310420176459,0.1311927648469996,1.1564083334405222,0.6736059541058146,0.35277528268520353,0.5760426524115753,0.2665043613442723
sample294,1.528282727828932,-0.7836880922305215,-0.20317170718656402,0.9555837817428724,-0.7802610165660617,-0.38013733320187415,-0.6101053268896254
sample295,-1.2333169069293075,0.7519952046683196,-0.5177475505936124,1.7330085842673997,-0.3992207748071114,-0.04503487451835807,0.25341425416794466
sample298,-0.533410251731185,-0.0964165317653734,-0.20701297503144708,-0.562412916795469,-0.4696190877999494,0.3085521175321272,0.15470962575087044
sample299,1.1621942556396319,-1.171392460605614,0.3559368307862947,-0.206630980972733,1.679103214835472,0.11159629147704683,0.7590200688323409
sample3,0.005263893555168686,-0.3202063681452971,-2.4952625214634803,1.0890361136891775,-1.1571761047717173,-0.7738661069971267,-0.8611856602591842
sample30,-0.6836332184662202,1.172336955412837,-0.08247140320977782,0.4149052703456878,2.1481862693765166,0.7562876110694111,-0.4272478673547344
sample300,-0.4442124286072757,0.06562405792481493,-1.983674512053177,-0.5631983961711794,-1.0485806009228529,-0.9282271336347491,-0.23076233505982507
sample301,-0.3667951709492206,0.09172816013232853,-0.4244255608881128,1.1230349421598764,-0.3216492380693886,0.521531618647809,0.12325198553616624
sample302,0.6187891396746708,-0.26978356620986044,1.0822319357963002,-0.4080762849541146,-0.47185336318409243,-0.04956442552062039,-0.7417557022691301
sample304,0.5047519094497354,0.6324776124745448,-0.05812618883759556,-0.46356650357355345,0.1589943237117462,0.8655321646168157,-0.2842655488693204
sample305,0.06258113893555281,-0.19151189045571132,0.1370727891120822,0.6073759288158649,-0.5043791020141037,0.9777625360825782,0.4243917238192285
sample306,0.33222715592367735,0.23636097439957776,0.3151445579503053,-0.9363569264606825,-1.0321198772724347,1.1413381906357163,-0.7508648474082797
sample307,-1.5122674507229203,-0.08385796834635703,0.021280728834332373,-0.6489959799439537,1.8742200813710366,-1.1987941973879566,0.1307390571752341
sample309,0.2530158580932948,-0.12568898741552026,-1.2923986118629212,0.39755525340272646,-0.6263312879277355,-0.8771190197156219,-0.7388389258997115
sample31,-0.1562199922440458,-0.09636987282314619,-0.9534683021631565,-0.42474741848463576,0.22151963091311697,-0.19005967911524696,0.8770564727373651
sample310,0.10120947304922076,-0.36665400250399655,0.1031412082659921,-1.0112890220074582,-1.0510261818165687,0.22596429389869854,0.5898307143824917
sample311,0.04868498990654244,-0.047178502159519485,-0.25555036241365303,0.06381817621675799,0.06429692309469251,0.12140048709439324,-0.26151464953617276
sample312,-0.5491003446335148,-0.5762837965621456,0.9164746405849606,1.3438480560109318,0.22505876226752816,-0.015183933857346565,0.16259203130612504
sample313,-0.5201637297353705,0.3669040209588773,-0.9220080709841266,-0.8321735456120879,-0.5299804936546041,-1.2592049078836656,0.2781609284834844
sample315,-0.7995368427849302,-1.1004961820503618,1.0219563356187829,1.4563586040726813,2.672955998237132,0.6341508693171471,0.018801902626680647
sample316,-0.6505860917467322,-0.5084301141012139,-0.28076788777342465,-0.015282648406444367,-0.7143755784890594,0.08704753554224764,-0.5285048884540687
sample317,1.7544094474931051,-0.19269010119780194,-0.3644080557159227,-0.2771143533004599,-0.23409775973858346,0.8233484032827622,-0.621157216422856
sample318,-1.1915975962062046,-0.7105991412005949,-1.560090790729554,0.30683222483395917,-1.447338956152327,0.3767099042181481,-0.03102575493126162
sample319,0.17368691517926735,-0.7675799218080118,0.02141388668875937,-0.8161233195359001,0.7950900149972098,-0.13898270620818748,-0.9656643550268391
sample32,-1.425116341288822,-1.0945903920267415,0.05914774427642976,0.21347122096304819,4.922745794855641,-0.23966072214640696,-0.4847080925345707
sample321,1.3767017612816317,0.048324430217668,0.16345985280252723,-0.03499558518934564,0.6584175429391189,-0.012106016520335557,-0.608267995509251
sample322,0.5250443823423512,1.1746430911145247,0.19782912621627438,-1.7705544085759972,-0.4055997026544786,0.3380650761701716,-1.1552853978943494
sample323,-1.7133354575068407,-0.9989216091944589,-1.3477053333769868,-0.9268509655125413,-0.06753349391066381,-0.4843996745151269,-0.9424434003937312
sample324,-0.8398559191433351,-0.5462793247383613,-0.5562136442444291,-0.15845053752889143,-0.2518790757858991,0.17657645989472118,-0.2635425887509732
sample325,-0.19844942760383377,-0.24483223995216025,-0.1127761189272056,-0.3729906186755461,-0.9795207960326453,-1.0000621016655333,-0.7902872651354776
sample326,0.9153128868518627,0.6217305275895875,-1.28437658117607,-1.878051302988845,0.0873257436194726,0.8364381728847845,0.3013418889911382
sample327,-0.7654442316010794,-0.6617774791622046,1.1518066600708328,0.20515192882727318,0.04037079664358763,-0.025327801217268846,-0.40016519650710153
sample328,-1.300656582574148,0.6561101868063121,-0.8291954187546289,-1.1079154213941729,-0.36428996701645816,0.10177119192189021,0.8119742366093994
sample329,-0.004945620268345644,0.07336446341013127,-0.5047675201320098,-1.0474690794055213,-0.9147271520011653,0.02604466341107095,-0.9874200502646968
sample33,-0.5264099541082472,-0.7033885197680697,0.454290258610241,-0.48140559463936305,0.01651593166062866,0.37423728393566363,0.008844021918794867
sample330,-0.375869950404627,1.0330480363263932,-0.7433312942935778,-1.9652092431699677,0.40680727750715395,0.49140847946956034,0.5486258401494115
sample331,1.5844797203993175,0.30593519372342937,-0.18143827004787946,0.7103635024027406,1.553318532337144,0.13845393235912146,0.38705010058991957
sample332,-1.3887067784915277,-0.8306818197011033,0.18246110192457407,-0.39786187584917054,-0.07631606234134035,-1.3753715151134762,-0.00781281320131165
sample333,-1.1107534364672196,-0.4333500638007124,0.22841551036375587,-0.7796030284845352,1.8078876996063165,0.10595606492726803,0.22029568270640565
sample334,-1.1813304496021884,-0.4966820161569437,0.04170758559000533,0.871593780437865,-0.20399373315419048,0.40326408564035027,0.057586473724609386
sample335,0.800106478107758,1.2098009784047559,-0.01881184943189331,0.23193599898186323,2.651161402457283,0.14157996853481575,-0.18600565585852255
sample336,-0.8236573551309772,0.904969069663363,-0.6914532965271833,0.2663760099861322,0.4247565137850717,-0.6060220078705731,0.493285713828824
sample337,-0.053623168279569054,0.13206978084622084,0.41735534578847916,0.45331074828757756,0.27089817343515316,-0.74751612402364,0.2229382576142463
sample338,-0.18016616524522502,0.7191535747674114,2.036841926115446,-0.8309516601418664,-0.17274587024640498,0.6981763323365935,0.08097796866664513
sample339,-0.09596253531815756,-0.32536985564560483,2.8591295763546007,1.0810703264356856,2.4698670390672453,0.5714267636975802,0.2214643706955879
sample34,-0.6310589789820065,0.4413613968712208,-0.3203439505089658,-0.17617590293511273,0.624792341429097,-0.4060103833287367,0.8967904012408954
sample340,1.3585152472459017,-1.148018624654888,0.8165734970664116,1.3837473041421644,-0.3737290489629978,0.1448696490502596,1.1523123925637193
sample341,1.6281204653912638,0.047424997478222285,1.6632851219205307,-0.05899921352350026,-0.9083904538531734,0.2123571340638986,1.0182341552139342
sample342,1.254990189091418,0.9576171455605862,-0.08958379697621413,-0.0634226075010546,0.20818506044074395,0.410782512173654,-0.5023649297560698
sample343,0.0776420465034012,0.48351459672758385,0.45037873882039536,0.48084290503041843,0.16364426027126655,0.6826939453354564,0.6509456886783596
sample344,-0.022448087322504987,-0.008579709523678475,-0.25460912202659713,1.3222152947711467,-0.24236893943034815,0.13635333460768528,0.9865598021017876
sample347,0.8232750933711898,0.9783802640910034,-0.7949780226006473,-0.22333330416496974,-0.2440523061449043,0.013516487141382878,0.19914358543247013
sample348,-0.04887050482015914,0.5834018502347931,0.9046584517202518,-1.02903310874864,-0.09407814438843358,0.271443787357722,-0.21123311551412016
sample349,0.834774981288026,0.06027786911062398,-0.31751426178968883,1.1304441502081461,-0.7781626077208286,0.12177861850963823,-0.00739924490153486
sample35,0.30809191637851846,-0.6956478091924247,0.8101641032226684,-0.6202339050634182,-0.5493676844448607,0.7978299997651942,-0.7446203913866467
sample350,-0.7710799104166348,-1.3349995143615097,0.3901490685322801,-0.17146664243924772,-0.17815270985538192,0.24363094228054705,1.4205104871160887
sample351,0.6586888114868711,0.12009808609303764,0.7156547072272949,-1.0310519356326922,-0.6053706008448799,-0.5356038379359076,-0.46762552071312896
sample354,-0.13735378496773049,0.693343997568209,-0.18693236635141142,-0.68395131856075,-0.47710787433727425,0.5910481111614715,0.38269952467821305
sample355,-0.28747998066844366,0.9643239422238622,-0.7773215855196602,0.17982145537799368,-0.7863995236921553,0.1257761415116757,-0.15513258187173956
sample357,0.477024068760298,0.8057609039751701,-0.23029683509028542,0.9523724327821688,0.4388367236819061,0.25930079361346076,-0.15702889678967985
sample358,-0.43803764394643635,-0.7462924659902539,-0.8733858955747854,-0.48192483790964147,-0.5608245270012087,-0.091468831571658,0.670219502162509
sample359,-0.2588206431106594,-0.7769508736533886,0.24590917056432454,-0.03261433538840205,-0.46315140273163696,0.11232074197427327,0.3109701012865169
sample36,-0.1949408196574449,0.8619571800585457,0.5540556526274335,0.24442132937358046,-0.7943766094915997,0.5707738241656374,0.22368235558705535
sample360,0.6850797147612536,-0.007841360796478203,1.3024380902406882,0.09815694927795462,-0.48906881547872993,0.36926198993428266,0.5340616923055024
sample361,0.3300763067107393,-0.7774557955474978,-0.352110899513448,1.21277644178961,-0.3296358412757158,0.3868998328174018,1.7921743826164611
sample362,1.3879096268547846,0.3106936862503565,0.072762751579248,0.941895455989201,0.1688020354367364,0.07958115461258525,0.7410821943475416
sample363,0.9881968089019181,0.5147566757672262,0.631711754156945,0.4898334094573397,2.098000180835382,0.9544144160385754,-0.796311823300654
sample364,0.03872539033228096,0.6414717936839021,-0.40171870555436295,1.3494501125559055,-0.5567820046647627,-0.9813326198580989,-0.08602080278377802
sample365,0.9872761514298658,1.1377517221940086,0.7884097230076035,0.24955079809017636,-0.05072829343010356,-0.40418963155646126,0.3628269560409331
sample366,0.22260993322616213,0.5385084712888825,-0.36267036305438005,-1.2890728480161855,0.5019899108082765,-1.1139130662580983,0.2822470050395331
sample367,1.5641291335544145,-0.3038765202333457,-0.021397284891720485,0.5903788416319281,0.503939679542818,-0.11251955161596965,-0.6967354238759801
sample368,-0.9062156070184323,-0.5985184177859149,0.33892139282684597,-0.26703047639102523,0.3444583299506304,0.658721450396569,-0.6373956706540865
sample369,-0.576520632441149,-0.7270775110807692,0.6795668001350498,0.8856532720734238,-0.3186234498300933,0.5287989213133,1.0238821124617212
sample37,0.18435030093804605,0.04073038331656,-0.7737827976781662,0.07371374423924484,-0.7732334026836883,0.22927553429073622,-0.7438655286488214
sample370,-0.6591277851837269,-0.06523661047081222,0.3627875999491799,-0.46395093723873543,-0.9204160994528793,-0.7038299704798355,-0.9667718923142863
sample371,-0.420112276876161,0.07699447381083693,-0.7609116381127918,-1.094085605302122,0.9698574066201224,0.5530631983061216,-1.4784841885790811
sample374,0.043267844197556436,0.7821126880067282,0.22222982830296978,0.4776632491041237,0.22901112715940378,0.24067441020581115,0.10905027558305462
sample375,0.3555723224139975,-0.5543664414926406,0.6489158012945341,0.5856177417785693,2.093794505285065,-0.5899875089227161,-1.2783184109672663
sample376,1.6507847218002145,-0.34364277783971114,-0.4500251259296612,-0.07951769387216306,-0.9732193535306084,0.08756674328769515,-0.2554897827588473
sample377,-0.9007489104515375,0.2737461758235195,-0.15252564110652853,-0.6465053680445153,-0.457670847494084,-0.4384691589089603,-0.47650400524449515
sample378,-0.9640529046033136,-1.659152347699896,0.6634648319555213,0.36101337880815004,-0.5779416174901806,-1.6553196191331656,-0.12866763685100086
sample379,-1.8384288095620966,0.8050389203103041,-0.5958684640672397,-0.3736719651474083,1.8533707910696913,-0.06681402979732443,-1.2800399122668111
sample38,-0.07932518483135975,-2.541943342585354,-1.2377083528598498,0.5201662476840115,-0.12280365938351025,-0.8397477544123553,0.3152262233532088
sample380,1.2524757611965391,0.25915602349258504,0.35515648678553013,-0.03225257336765011,0.32633171409269496,0.8149988609529071,0.4549109428472574
sample381,0.39750269100818614,-0.20838888517834658,-0.4812080437775009,0.1786410618328249,0.5199829972251087,0.4854221202903476,-2.4557725849758767
sample382,0.24938335360512673,-0.1410882118690105,-0.8788406829987087,0.026905782356728976,-0.6516789033873832,0.3180547187388995,1.2126446601231016
sample383,-0.26001769779902845,0.18934779092013082,0.8034046371204114,0.7560228916150856,0.12494149219450265,0.37567190948052037,0.236212956867957
sample384,1.041236728901752,1.207207904183436,-0.15468017083926489,-0.5834335988059114,-0.9267217056217407,-0.14667606802702565,1.036854567221365
sample386,1.7616137942857635,1.1233980196363067,-0.1324151583545498,0.7396847505170315,0.1776981973377674,0.057523089953565226,0.22427305816614307
sample387,-0.944061764745315,-0.5897272236436368,0.029175835152429143,-1.3623058917410655,1.5225648710938158,-0.3149077961644618,-0.2897155773948012
sample388,0.15562408266757768,0.1606449782253062,-0.41958154652257734,-0.06322282821507083,-0.8919673970450853,0.9184696918460885,1.1397826849662311
sample389,-1.049902120718032,0.6788986136045952,-0.9753484994007741,1.1913965033957201,0.32269478904758875,0.5136639887984448,-0.41191751636579077
sample39,0.1844687516068628,0.008282629275369621,0.31787073323837023,-1.3764886181167302,0.18767045328461815,0.2504986177361455,1.1080440800018887
sample390,1.2286775454031518,0.35773837401948505,-0.3958410623357784,0.4333928013571817,2.090184623919672,0.3027667542175037,-0.3643804777164293
sample391,-0.8984208168055721,0.9774823905784451,-0.9418021873915879,-1.2845679449151288,-0.24564249382675252,-0.8986643181043633,-0.6025515616034792
sample392,-1.636633265388976,0.10131741609516359,0.0934655522729604,-1.21270138158094,-0.35241419475793656,-0.22580048196122293,-0.14249437642362733
sample393,-1.0707376764460856,1.0285457872683939,-0.01301800073790526,0.7580522168953217,0.18435661315220056,-0.6716953213322084,0.9431936229686815
sample397,-1.03914742027332,0.7580903031241749,1.679495187003862,0.9242798607000173,0.14656259698237203,0.027364767343222712,2.376955025036634
sample4,-0.6445804802120412,-1.9447292782361083,0.39763612660465286,-1.3683694693897133,0.2464642048610943,-1.6712784742397977,0.6200389833105042
sample40,0.7748495383647608,1.1317480983499286,1.239561494748863,1.0703561428519464,-0.20741860488588518,0.47902452481695723,-0.07991060138969548
sample401,-0.6881476278539496,-1.8544112598950748,0.34185834166732887,-0.6967339606102021,-0.20445393173092719,-1.349488345131593,-0.6784970322361561
sample403,-0.5762756125050672,0.42598575370659014,-1.051790170364514,0.2760354952737091,0.39585157594207276,-0.2583459706424948,0.7579236412743956
sample404,0.03285311643703447,1.2689989916065285,-1.2176930658584597,1.0960642505771185,-0.8576471104214042,0.6556386683746377,-1.1426298692763543
sample405,0.5721416018472667,-0.053981683436141716,0.03320060251234911,0.9683181303928783,-0.4385234362538053,-0.10115754626813457,0.37549229755359853
sample407,-0.7831844402355439,-0.6675223211816631,1.5383396508913627,0.8639860468475671,0.01087146808304502,0.09606203431268043,0.15713544305945887
sample41,-0.7845360477221099,-0.333032883523644,0.3853006356907522,-0.006888214221537094,-0.9299913146417875,0.8405446647761128,0.6853514470531368
sample411,-1.7383195393484974,1.2585214231991213,-0.019586013861413433,0.2880608448795021,-0.5890563507107712,1.1559646181463674,0.5530490871711348
sample413,1.9518659214890386,-0.15437822377697885,1.10974997915572,0.74105583913602,0.14591840554929283,0.07907583693799837,-0.06713681497467436
sample414,0.5889671773478504,0.8436905762059576,-1.6055424252374983,0.08408648715408124,0.03015948884510182,0.759507281576724,2.0612423180302066
sample415,-0.707957293166319,-0.5649740689563516,0.1575551489661925,-1.4324979574925347,2.458835984962514,0.226996955714028,0.48511939065221743
sample416,-0.9796450029348776,-1.7733203137122233,0.08781671461281296,-1.1066544311461144,-1.3017437806410972,0.4856207150991926,0.3074585257653883
sample417,-0.07679812617537779,0.4850548322553346,-0.13042837185944314,-0.018133582821039974,-0.4032847563300078,0.8477153046341422,1.0073479890902894
sample42,1.230106583056346,-0.07075725499240176,1.2128720032568965,1.516669378661745,0.5341850926236977,0.2896002899486526,1.0009812993489549
sample43,0.5148784020600611,1.1023708648313075,1.2447729747309029,1.2541894490862817,1.1176373304690155,0.4052758638509737,0.9929499975627887
sample44,1.7837172157891579,-0.03805248327093145,-1.4454647014511344,-0.2541571747882816,-0.540874050726961,0.1695970764382027,-0.059300767514850056
sample45,-0.541765187865243,0.3576224203077502,-1.2061146557645697,0.28931193573865066,-0.6875880920950446,-0.6732737214877821,-0.5532454788165255
sample46,-0.3126541314411975,0.4263176145317697,-0.6131353742959912,0.6501601671798157,-0.12333474196317824,0.7357052957895456,0.008683796117370454
sample47,-0.2641245852319272,-0.20095974585861065,-0.5112119541850584,1.2824007872096357,-0.5709505671564447,-0.2573624216945723,0.3268538794536275
sample48,-0.5655777398219902,-0.7883150497955482,-1.6228302515138924,-0.5584858819194529,0.390442007009867,-1.4727262300766206,0.0899553950752827
sample5,-0.3474543546209277,-0.586678484736447,-1.3400887242730017,-0.713411120687201,0.06971637768962735,-1.2794389909716166,-0.4407371904496764
sample50,0.4029594813408531,-0.7789183638402835,2.5151982943431297,1.8280615727334326,-0.5246583419581512,-0.9088867299944148,0.032016787452648535
sample51,1.8147182334951708,-0.06585026922286996,0.30481009392455216,1.1846875727996717,0.3373644013465509,0.4578708472576045,-0.7760282642518239
sample52,-0.7551620007810489,0.3792465285674252,-1.1200984535182879,-0.21172727773297884,-0.26251654519916,-0.5522224340907465,0.13980302906328612
sample53,0.8684485016479009,-1.108501584945359,-0.4051196813111058,-1.3986446260727194,-0.5642040490226232,-0.31937841096516456,0.5527795446740842
sample54,0.4944040136920836,-0.02759563054468106,0.5491027273175946,-0.15199542497977403,0.27586222964769097,0.10838396383881779,0.12078346397514379
sample55,-1.9440445746596235,-0.4584478841204585,-0.9247835267661274,-0.18161426365499436,2.631193522502226,0.6173770560142997,-0.3487539450276597
sample56,-0.5325067740724462,0.5876883158936972,-0.1616469208290677,-0.7734327163053508,0.22190360309102256,0.9966408937787093,-1.3843474881194564
sample57,-1.4498518788353172,-1.3702659473533232,-0.3745083132868519,-0.005890766404425037,-0.8892326543048646,1.4217661927773508,-0.4356640762358677
sample58,0.13785928683537985,-1.5500375190188285,0.507018339542724,0.21552428288311518,-0.9663217699953235,0.918204174865879,-0.2643399529744383
sample59,0.48969972734962025,0.6384627518600203,1.0864596553429702,-0.9649504615464852,-0.5540979827520981,0.21758807928815416,-0.3196426392895162
sample6,-0.24206489703515913,-0.3613615052223174,-1.4238902986635775,0.24864552154793923,-1.0072340229595254,-1.128076657412179,-0.23817281249026828
sample60,3.1998311904584273,0.8445161526046407,0.6244462080744952,1.4948571446445873,0.8462110687167994,-0.5811025356064816,1.5201281332475325
sample61,-0.8576306608922645,0.6412214054997316,0.10441934247657235,1.0584701979994895,-0.7294365357418771,-0.8395465831623076,-0.6563784898118721
sample62,0.0035116620335851837,0.2813217763063784,-0.8731513169299614,0.650403653827674,0.20348991778572376,-0.6108445862963865,-0.14833350782533794
sample63,0.08445938584175114,0.7575404643681216,-0.26553657851822293,-0.5581491871073118,-0.9534872477913552,0.6780429888008245,-0.1427329797098712
sample64,-0.523775486932734,-0.5138764954145367,0.011788995452113711,-1.386644215812488,0.2667767652722637,0.12091998285839667,-0.4004468995529842
sample65,-0.4463895554924383,0.7176276346340945,-0.6318656605558922,-0.287462935310731,0.9234730621733688,0.7729454782600732,-0.9306220001126343
sample66,0.1269944219637236,0.40098977023327637,0.11910656478137759,-0.44877826762646345,-0.1795088772431888,0.4845921848257716,-0.22295824056724017
sample67,0.09682451896278461,-1.089294125938574,0.020201787469796298,-0.5798610317900388,-1.5088897218898174,-0.09843321276432948,0.03880149645548912
sample68,-0.2898194062815056,-0.9909879330489492,-0.4835575249689984,-0.7214773124682813,0.08757253134336242,0.9588304920239209,0.1987676646653681
sample69,-0.5095347577777937,-0.8091079517231357,-0.6957940475216484,0.33970298440361735,-0.5736462686292624,-1.3025936284730268,1.0117950019314774
sample7,-0.5139992860408568,-0.980928242226839,0.9145444835326062,0.6632468346459427,-0.07675638593012854,-0.2160652723055907,-0.8692716775565014
sample70,-0.7809221570315154,0.12437993354047802,-0.6034793603934399,-0.48735756732929847,0.24339877490415843,-0.08233020027851658,0.4442318687908188
sample71,0.23676522172019235,0.1827061930538999,-0.19694827187094,0.14821932652448194,0.1996261280274246,0.3668070917683639,0.16831397808653975
sample72,-1.0115793780868498,-1.2272884357840952,0.01354773200988827,-0.043856760597590826,0.15213467292655808,-0.4012579654026506,0.14483875313376138
sample73,-1.4126535531110367,0.20183595382138708,0.6755273477868861,-0.3095340483534266,-0.7265917161470378,0.5255973903366327,0.6713993194947575
sample74,-1.0438976242549383,0.38212695521457263,0.17529826491290737,0.7719984478506507,-0.5117445356058787,0.8738953254598198,-0.6365584207155239
sample75,-0.6529930044065095,0.42592592668291945,0.653122082076842,-0.9759938088191212,0.03201644263146624,-0.4224683641599973,0.1465615841072908
sample76,0.23589532922413206,-1.3472624212915725,0.706454986550623,-0.4320641995997542,-0.5579685857999654,0.9481136083249256,0.006941832515838978
sample77,-0.930310582015693,-1.161959085322042,1.2058887373207625,0.48687115820839544,-0.9978848176721353,-0.03648229155631083,-1.0683546196178832
sample79,0.22459666246970794,2.1530393647609873,-0.18989924947538844,-1.5179687560596402,0.13640997269027896,0.7902110654780443,-0.5183243801898909
sample8,-0.5582025719742176,-0.4511667764472417,-0.33354016522356555,0.04178127778583732,-0.760081825693992,0.30938392325640873,0.2212915176607933
sample80,-0.6865234038774171,0.2181666981198711,0.08060151610636124,-0.5495965262032045,-0.2234913500686487,0.4025175429521933,0.12783451812548158
sample81,-0.5701263522540508,0.2885681254554084,-0.21276197871890942,0.04356145570899733,-0.8685023706126723,0.18380713219488298,-0.509283745457066
sample82,1.556906289835982,-1.8490125632591203,-1.2100273619375304,-1.0602717945430717,-0.5662725918141162,1.2423699804958073,-0.4389453855381797
sample84,0.3172614103892845,0.267508003007884,-0.5320552033707547,0.07703986259691646,-0.3166124647179267,-0.7112417138593188,-0.7773767961982702
sample85,-0.3338120573117244,-0.0864518941525427,0.9147458610524898,0.006823553992103163,0.7375387830356007,0.12188824061885922,-1.9252796960466565
sample86,0.5305560294886663,0.47163008119473443,0.0033181615428023725,-1.287940311206035,-0.8153897503040971,0.3697188476359279,-0.11850017575785088
sample88,-1.212961089709552,0.887574472094448,0.30575870818138223,-0.6627700758149567,-1.0111481579193207,0.8411734913624245,-0.33888717316803435
sample89,2.6633217375562164,0.40715676342063795,0.1431861650912063,-0.48451645763149154,-0.6851054674079983,-0.498129180366063,0.8497433037030933
sample9,1.223817222519124,0.9827696677088014,-0.6512815545801517,-0.31825070808413264,0.027232618184006963,1.1439083842791775,-1.243273106500278
sample90,-1.3292535432033228,0.308278468164727,0.48607332176731666,-0.4275344700729768,-1.049297057308071,-0.6579802184067866,0.6094643804774702
sample91,-0.08776629131321845,0.4733596855357199,-1.0034094845224035,-0.6213365612036332,-0.8678865633168606,-0.047423867835444715,0.277490821897537
sample92,-0.010733510115514827,-0.7614423706547591,-1.1759183598401988,0.10283132449598761,-0.12517943653380467,0.013391299441609057,0.87201656280149
sample93,0.6766326804307925,-1.7994526801760238,0.23622592959573105,-0.5794720839986097,1.0147348638111835,-0.15616103664751105,-0.4858442484564883
sample94,0.7932560406513598,-0.08131467680957077,0.7211035251916326,0.24999724826549596,-0.7133352495935249,0.3172055814932638,0.6149251666604421
sample95,-0.2905556426200629,1.464394866319104,0.6894806465778944,0.30225939603302787,0.14225506779524702,-0.9050023641994563,-0.23506473124473837
sample96,-0.012323421117236303,-0.6224132803752328,0.07749831632247284,-0.3378485412572529,-2.0491913330811937,0.09804803063928652,-0.74287920978984745
sample97,0.28973999477351403,1.368532693915285,-1.1191695127429724,-0.009253436125377528,-1.1003624176665585,-0.4850256381861346,-0.5654327381596482
sample99,-0.32635194534939854,0.505698580494696,0.41273539339109555,-0.1712592377558999,-0.459441703033293,-1.024931669529392,-0.14704723989578455
