species_name,common_name,vocal_learning_status_Wirthlin2024,vocal_learner_binary,group_living,brain_mass_g,adult_body_mass_g,brain_body_ratio,longevity,gestation_days,birth_weight_g,HAQER_matching_bases,HAQER_alignment_base_length,HAQER_sequence_similarity,HAR_matching_bases,HAR_alignment_base_length,HAR_sequence_similarity,HAQER_sequence_similarity_scaled,HAR_sequence_similarity_scaled,neonate_body_mass_g_PanTHERIA,adult_body_mass_g_PanTHERIA,obstetric_risk
Lepus_americanus,Snowshoe hare,non_vocal_learner,0,0,9.72,1500,0.3109691077390291,5,36,65.9,119811,266882,44.89287400424157,514942,606533,84.89925527547553,-0.25147008771053087,0.11030460139361772,67.84,1568.42,0.15018512689183283
Oryctolagus_cuniculus,European rabbit,non_vocal_learner,0,NA,11.09,2157.6,0.313419512949827,9,30,39.61,119371,266940,44.71828875402713,512666,602028,85.15650434863494,-0.29206009188052684,0.19926222405748636,39.11,1590.57,-0.1841181557728962
Ochotona_princeps,American pika,non_vocal_learner,0,0,2.39,169,0.16984611477977007,7,30,9,96021,232220,41.34915166652313,484003,593937,81.49062947753718,-1.0753638833697996,-1.0684100342366658,11,157.63,-0.28766683671020316
Castor_canadensis,North american beaver,non_vocal_learner,0,0,52.21,27670,0.38670647260504865,20,128,430,144576,318304,45.420729868302,519624,612711,84.80735615975557,-0.12874682387780384,0.07852556810515623,415.17,18124.41,0.33411214968679104
Dipodomys_ordii,Ord's kangaroo rat,non_vocal_learner,0,0,1.45,57.1,0.09186194082968878,9.8,29,4.995,79414,200103,39.68656142086825,488578,598646,81.61384190322829,-1.4619059590676913,-1.0258027496407858,4.99,50.4,-0.5690676155793946
Dipodomys_stephensi,Stephen's kangaroo rat,non_vocal_learner,0,0,NA,NA,NA,NA,NA,4.4,80996,202544,39.98933565052532,488608,599477,81.50571247937786,-1.39151280025701,-1.063194279832178,4.4,68.49,-0.8315829683119674
Perognathus_longimembris,Little pocket mouse,non_vocal_learner,0,NA,0.33,8.15,-0.528433341831992,8.33,22,0.9,79408,199787,39.74632984128096,485939,596778,81.4270968433823,-1.4480101664345444,-1.0903798397118805,1.25,8.07,-1.9062173680229406
Fukomys_damarensis,Damara mole-rat,non_vocal_learner,0,0,NA,NA,NA,NA,NA,NA,117055,281838,41.53272447292416,500034,604812,82.6759389694649,-1.032684327289527,-0.6585258965493521,NA,NA,NA
Heterocephalus_glaber,Naked mole-rat,non_vocal_learner,0,0,0.52,60.8,-0.1591995552141787,31,70,1.94,125382,289916,43.247699333600075,506000,604400,83.71939113170086,-0.6339631486059251,-0.2976965159961966,1.86,39.36,-1.6323210763126061
Cavia_aperea,Brazilian guinea pig,non_vocal_learner,0,0,4.04,306.45,0.2438832093498067,10,63,59.66,82496,215384,38.30182371949634,386651,559839,69.06467752335939,-1.7838490155630053,-5.365347362730424,58.38,524.38,0.48665281566780805
Cavia_porcellus,Domestic guinea pig,non_vocal_learner,0,0,4.83,476,0.2554322358838404,14,68,83.85,121132,290001,41.76951113961676,492885,602035,81.86982484407052,-0.9776328737638319,-0.937282959928194,79.91,727.99,0.5541492189276804
Cavia_tschudii,Montane guinea pig,non_vocal_learner,0,NA,NA,NA,NA,NA,NA,59.66,123060,292668,42.04764442986592,499235,607932,82.12020423336821,-0.9129685828391327,-0.8507008977951594,NA,NA,NA
Dolichotis_patagonum,Patagonian mara,non_vocal_learner,0,1,30.5,8000,0.380288398241803,14,85,561.94,122429,291630,41.98093474608237,500680,608309,82.30685391799234,-0.9284781768032707,-0.7861567888069257,578.96,8000,0.7440472559463257
Chinchilla_lanigera,Long-tailed chinchilla,non_vocal_learner,0,0,6.8,372,0.3238650091347961,10,111,39.27,128094,293727,43.60988264613059,510445,609097,83.80356494942514,-0.5497577409448565,-0.26858891757677156,39.59,480.28,0.2499850876780507
Ctenodactylus_gundi,Common gundi,non_vocal_learner,0,1,NA,NA,NA,5.8,74,29.9,124787,283374,44.03615010551427,499708,604239,82.70038842246197,-0.4506531606171097,-0.6500711908147896,29.89,288.41,0.2677271046302356
Ctenomys_sociabilis,Social tuco-tuco,non_vocal_learner,0,1,NA,NA,NA,NA,NA,NA,117118,290647,40.29561633183897,489552,606288,80.745784181775,-1.3203044128563546,-1.3259801236041409,NA,NA,NA
Dasyprocta_punctata,Central american agouti,non_vocal_learner,0,0,18.34,3172,0.3608337929790297,10,112,227,130316,298269,43.69076236551569,513748,611095,84.07007093823383,-0.5309537002651499,-0.17643022134149647,NA,NA,NA
Dinomys_branickii,Pacarana,non_vocal_learner,0,0,26.95,14000,0.3450348752408322,13,253,769.43,125709,293844,42.78086331522849,504015,610833,82.512732612678093,-0.7424996710735007,-0.7149632213765172,769.43,12500,0.7293350255319893
Hydrochoerus_hydrochaeris,Capybara,non_vocal_learner,0,NA,NA,NA,NA,12,150,NA,124193,295899,41.97141592232485,498372,606502,82.17153447144445,-0.9306912451783854,-0.8329507232504978,1500,48144.91,0.6138236357939454
Hystrix_cristata,Crested porcupine,non_vocal_learner,0,0,32.4,15000,0.36171264383436486,28,66,1000,143628,310174,46.30562200571292,519910,611064,85.0827409240276,0.07698519244882451,0.17375457572264555,NA,NA,NA
Myocastor_coypus,Coypu,non_vocal_learner,0,1,17.09,7052,0.3203331656733777,6,131,215.35,112248,280205,40.05924234042933,484570,604469,80.1645741965262,-1.3752599218997088,-1.526964554456472,205.7,6361.55,0.304643719556747
Octodon_degus,Degu,non_vocal_learner,0,1,2.1,210,0.13875489514044337,8,90,14.1,119207,289881,41.1227365712137,491329,602416,81.55975272901118,-1.1280040099066717,-1.0445069738819526,14.19,203.27,-0.17635029530507024
Petromus_typicus,Dassie rat,non_vocal_learner,0,0,NA,NA,NA,NA,NA,NA,110342,276638,39.88678344985143,491996,604878,81.33805494661733,-1.415355560443696,-1.1211708367654816,NA,NA,NA
Thryonomys_swinderianus,Greater cane rat,non_vocal_learner,0,1,13.28,1625,0.3498129460427244,4.3,155,118.89,105962,266256,39.797037437653984,489928,603774,81.14426921331491,-1.4362209600399414,-1.188182616162934,118.89,3750.85,0.1830384733633906
Allactaga_bullata,Gobi jerboa,non_vocal_learner,0,0,NA,NA,NA,NA,NA,NA,93150,233070,39.966533659415624,489860,599845,81.66442997774425,-1.3968141238974088,-1.0083092178320492,NA,NA,NA
Jaculus_jaculus,Lesser egyptian jerboa,non_vocal_learner,0,0,1.53,64.2,0.10217861781352072,6.4,38,2,90693,229037,39.59753227644442,484188,598885,80.84824298488023,-1.4826046912857676,-1.2905495137547556,2,59.8,-1.6302739760868927
Zapus_hudsonius,Meadow jumping mouse,non_vocal_learner,0,NA,0.55,17.47,-0.20899846522855536,5,19,0.8,92005,230289,39.95197338995784,485363,600160,80.87226739536123,-1.4001992976006954,-1.2822417891979925,0.78,18.43,-2.753522750292088
Ellobius_lutescens,Transcaucasian mole vole,non_vocal_learner,0,NA,NA,NA,NA,NA,NA,NA,85087,228747,37.19699056162485,472165,599211,78.7977857549344,-2.040715975572918,-1.9996047430301176,NA,NA,NA
Ellobius_talpinus,Northern mole vole,non_vocal_learner,0,0,NA,NA,NA,NA,NA,NA,88207,232398,37.95514591347602,475200,601389,79.01707547028629,-1.8644494876803572,-1.923773598090473,NA,NA,NA
Microtus_ochrogaster,Prairie vole,non_vocal_learner,0,0,0.71,43.8,-0.09061468001785658,3,23,3.02,85276,227540,37.477366616858575,474278,596731,79.47936339824813,-1.9755302554898908,-1.7639128275437632,2.94,42.5,-1.1090759185999923
Ondatra_zibethicus,Muskrat,non_vocal_learner,0,0,5.03,1136.45,0.22960446027821144,10,26,21.955,89588,236197,37.92935558029949,477741,602872,79.24418450350986,-1.8704455825961355,-1.8452385058822351,21.99,991.31,-0.4018648321701133
Cricetulus_griseus,Chinese hamster,non_vocal_learner,0,0,NA,NA,NA,NA,NA,NA,87242,230499,37.84918806589182,481782,601605,80.0827785673324,-1.8890840399693023,-1.5552497670250212,NA,NA,NA
Mesocricetus_auratus,Golden hamster,non_vocal_learner,0,0,1,120,0,4,16,2.33,82609,221823,37.24095337273411,463632,587042,78.97765406904446,-2.030494890549654,-1.9374056555104744,2.35,98.6,-1.5567494901419483
Onychomys_torridus,Scorpion mouse,non_vocal_learner,0,0,0.59,20.02,-0.17606939222257356,4.6,30,2.465,94226,241239,39.05919026359751,487128,604242,80.618030524193955,-1.6077659206536572,-1.3701577819546555,2.33,21.68,-1.1649043042130711
Peromyscus_maniculatus,Deer mouse,non_vocal_learner,0,NA,0.57,21.65,-0.18280257595652205,8,24,1.83,95707,244630,39.12316559702408,488507,602864,81.0310451445102,-1.5928920464439418,-1.2273358922680566,1.73,19.98,-1.5703112979200966
Sigmodon_hispidus,Hispid cotton rat,non_vocal_learner,0,0,1.14,132.5,0.02681388444929777,5.17,27,6.6,85471,226849,37.67748590472076,478826,600280,79.76710868261479,-1.9290037435489018,-1.66440950916199,6.6,110.65,-0.6092021572235173
Acomys_cahirinus,Cairo spiny mouse,non_vocal_learner,0,1,0.7,31,-0.10386612491533972,4,38,5.49,87103,232850,37.407343783551646,481214,602712,79.84144997942633,-1.9918101364788754,-1.6387020306125708,5.49,41.16,-0.35726112518688635
Meriones_unguiculatus,Mongolian jird,non_vocal_learner,0,1,1.13,57.4,0.03017686315774257,2,25,2.9,85540,229823,37.21994752483433,480835,598976,80.27617133240732,-2.0353786218660117,-1.4883738774050197,2.85,57.75,-1.2387648411569068
Psammomys_obesus,Fat sand rat,non_vocal_learner,0,0,1.3,69.1,0.06194330640123029,3.5,24,6.25,85582,229602,37.27406555692024,482402,600660,80.31199014417474,-2.022796510001802,-1.475987607933407,6.2,102.15,-0.6382491316515584
Mus_pahari,Shrew mouse,non_vocal_learner,0,NA,NA,NA,NA,NA,NA,NA,85886,232880,36.87993816557884,483408,600357,80.52009054612506,-2.114428720846689,-1.4040257664171736,NA,NA,NA
Mus_caroli,Ryukyu mouse,non_vocal_learner,0,NA,NA,NA,NA,NA,NA,1.25,86156,232097,37.12068660947793,483316,600021,80.54984742200689,-2.0584561783221567,-1.3937357354217614,1.2,14.26,-2.074923330746657
Mus_musculus,House mouse,non_vocal_learner,0,NA,0.4,15.1,-0.3375299318495361,6,19,1.25,86552,233189,37.11667359952656,483587,600398,80.54440554432226,-2.05938917862121,-1.3956175556192336,1.06,19.3,-2.2906791418427166
Mus_spretus,Western mediterranean mouse,non_vocal_learner,0,NA,NA,NA,NA,NA,NA,1.25,85312,230827,36.95928119327462,483700,601069,80.4732900881596,-2.09598195159742,-1.4202095272721942,NA,NA,NA
Rattus_norvegicus,Brown rat,non_vocal_learner,0,1,8.03,359.5,0.35399927086410143,4,21,5.81,87065,236332,36.84012321649205,477988,599694,79.70531637801945,-2.123685453288152,-1.685777502633115,5.8,282.89,-1.0041864698450291
Cricetomys_gambianus,Gambian pouched rat,non_vocal_learner,0,0,6.57,1150,0.26711730860218624,7,34,23.1,95693,242401,39.477147371504245,492538,604520,81.47588169125918,-1.5105934462780952,-1.0735098699357175,22.68,1267.52,-0.4507584073279567
Nannospalax_galili,Upper galilee mountains blind mole rat,non_vocal_learner,0,0,NA,NA,NA,NA,NA,NA,109701,271099,40.46529127735624,499533,605089,82.55529351880467,-1.2808560245324239,-0.7002455122670481,NA,NA,NA
Aplodontia_rufa,Mountain beaver,non_vocal_learner,0,0,7.04,806,0.2916293706508437,6,29,23.35,142348,320131,44.465546916730965,521507,612171,85.18975907058649,-0.3508210251047421,0.2107618223682826,23.12,806.21,-0.3078288249663054
Glis_glis,Edible dormouse,non_vocal_learner,0,NA,1.9,148,0.12844238967838018,8.7,25,1.5,145210,304596,47.67298323024596,525308,608567,86.31884410426461,0.3948883242283724,0.6012033471823213,NA,NA,NA
Graphiurus_murinus,Woodland doormouse,non_vocal_learner,0,0,NA,NA,NA,5.9,24,3.5,134160,290478,46.18594179249375,521860,608628,85.74367265390353,0.049160273976815765,0.40230706265987193,3.49,20.07,-0.539606586657566
Muscardinus_avellanarius,Hazel dormouse,non_vocal_learner,0,0,NA,NA,NA,6,23,0.8,126906,285651,44.42694056733566,508136,601434,84.48740842719235,-0.3597967655010175,-0.03211346866945629,0.8,29.19,-2.669175925288667
Ictidomys_tridecemlineatus,Thirteen-lined ground squirrel,non_vocal_learner,0,0,NA,NA,NA,NA,NA,NA,140751,313879,44.84243928392788,515843,599129,86.09882012054165,-0.2631958520882816,0.5251182896905888,NA,NA,NA
Marmota_marmota,Alpine marmot,non_vocal_learner,0,NA,14.25,3813.65,0.3221739896252471,18,35,29.74,144306,319833,45.11917156766187,523967,608687,86.08151644441232,-0.1988572866199023,0.5191346184069342,29.74,4059.15,-0.5768136484595461
Spermophilus_dauricus,Daurian ground squirrel,non_vocal_learner,0,NA,2.75,223.8,0.1869612140567883,NA,NA,NA,144754,321684,44.998818716504395,524383,610430,85.90387104172468,-0.2268385893035629,0.457704221375088,NA,NA,NA
Xerus_inauris,Cape ground squirrel,non_vocal_learner,0,1,7.65,400,0.33960071562479255,11.5,45,20,153072,330154,46.36381809700927,529058,611157,86.56662690601597,0.09051542816744888,0.6868875003265155,20,572.6,-0.2969896168723445
Tupaia_chinensis,Northern tree shrew,non_vocal_learner,0,NA,NA,NA,NA,NA,NA,NA,167016,336735,49.59864581941289,530548,609114,87.10159346197919,0.8425931127387662,0.871880792775329,NA,NA,NA
Antilocapra_americana,Pronghorn,non_vocal_learner,0,1,125.6,46750,0.44948346889824387,11,250,3246.36,144640,303192,47.705744214886934,517938,602108,86.02078032512439,0.4025050530273799,0.49813185748217587,3454.7,47450.01,0.959563771300237
Beatragus_hunteri,Hirola,non_vocal_learner,0,NA,NA,NA,NA,10.2,283,11050,146496,307395,47.65724881666911,517137,602033,85.8984474273005,0.39123016919000364,0.45582871667648694,8350,79132.17,1.15331923425777
Pantholops_hodgsonii,Chiru,non_vocal_learner,0,0,NA,NA,NA,45,240,NA,143409,303533,47.24659262749026,518007,603444,85.8417682502436,0.295755113818886,0.4362288604608684,NA,NA,NA
Saiga_tatarica,Steppe saiga,non_vocal_learner,0,NA,NA,NA,NA,12,152,3345.895,135045,288132,46.86914330931656,503145,596094,84.40698950165579,0.2080004531026216,-0.05992261233343416,3326.46,37734.01,1.016285096453985
Bison_bison,Bison,non_vocal_learner,0,NA,458,431500,0.4722048880769352,40,285,20000,146354,306342,47.7747093118149,520671,603555,86.26736585729552,0.41853901676974675,0.5834019906486222,20000,624577.07,0.8953635249221579
Bos_indicus,Zebu cattle,non_vocal_learner,0,NA,NA,NA,NA,NA,NA,NA,139615,292738,47.69281746817974,496392,576258,86.14058286392553,0.3994996633847554,0.5395599913524229,NA,NA,NA
Bos_mutus,Wild yak,non_vocal_learner,0,0,NA,NA,NA,NA,NA,NA,146063,305744,47.77297346799937,520678,604054,86.19726050982197,0.4181354436865434,0.5591593180874417,NA,NA,NA
Bos_taurus,Cattle,non_vocal_learner,0,NA,452.8,46100,0.5694847205405472,20,277,10433,147552,307654,47.960371066197744,519688,604034,86.03621650436895,0.4617042404948433,0.5034697418591526,NA,NA,NA
Bubalus_bubalis,Water buffalo,non_vocal_learner,0,1,NA,NA,NA,NA,NA,37500,148689,309905,47.978896758684115,521151,603768,86.31643280200342,0.466011350828335,0.600369510488391,NA,NA,NA
Ammotragus_lervia,Aoudad,non_vocal_learner,0,0,209,110000,0.46021931458375087,20.9,149,4500,146152,308681,47.34726141226703,518798,603916,85.90565575344915,0.31915999131488654,0.4583213808859045,4500,94202.22,0.8615422387773165
Capra_aegagrus,Wild goat,non_vocal_learner,0,NA,NA,NA,NA,NA,NA,NA,142716,303844,46.970155737812824,517163,602906,85.77838004597731,0.23148522566415564,0.4143089993425878,NA,NA,NA
Capra_hircus,Goat,non_vocal_learner,0,1,115,27660,0.46392760470351774,22,155,2250,146475,309098,47.3878834544384,519065,603913,85.95029416488799,0.3286043679681516,0.473757498545423,2136.11,47386.47,0.7630489984192034
Hemitragus_hylocrius,Nilgiri tahr,non_vocal_learner,0,NA,NA,NA,NA,NA,NA,NA,145166,306323,47.38984666512145,518240,602337,86.03821448790295,0.3290608024591167,0.5041606515021808,NA,NA,NA
Ovis_aries,Sheep,non_vocal_learner,0,0,175,55500,0.47278657887817355,22.8,159.9,2376.24,145476,308404,47.17059441511783,518115,603718,85.82069774298596,0.27808599369951736,0.4289426058946544,2376.24,39097.89,0.8645875553777129
Ovis_canadensis,Bighorn sheep,non_vocal_learner,0,NA,NA,NA,NA,19,180,4333.335,146436,308518,47.46432947186226,518563,602674,86.0436985833137,0.34637760002643,0.5060570707359243,4115.85,74644.87,0.8936445952452252
Elaphurus_davidianus,Pere david's deer,non_vocal_learner,0,NA,NA,NA,NA,23,288,11206.25,148812,310028,47.999535525823475,524273,604667,86.70441747275774,0.47080973811031457,0.7345359567128256,10467.5,165989.17,1.0186330082434312
Odocoileus_virginianus,White-tailed deer,non_vocal_learner,0,NA,210,65090,0.4824373968231857,16,198,3000,146425,303902,48.1816506637008,518954,601462,86.28209263428114,0.5131503951634185,0.5884945612614243,2949.99,75901.25,0.7580798931359702
Rangifer_tarandus,Siberian reindeer,non_vocal_learner,0,NA,278,71700,0.503353960217656,20.2,228,5773.67,149290,309604,48.21966124468676,521908,604267,86.37042896600344,0.5219876230439473,0.6190415714735595,5490.62,109088.5,0.8962183108552488
Giraffa_tippelskirchi,Giraffe,non_vocal_learner,0,NA,NA,NA,NA,NA,NA,NA,148199,306658,48.32712663618754,519937,603331,86.17773659898133,0.5469726700842278,0.5524078819319885,NA,NA,NA
Okapia_johnstoni,Okapi,non_vocal_learner,0,0,501,240000,0.5018088704279846,30,458,17375,147918,306152,48.31521597115159,518744,602368,86.11745643858903,0.5442035132231353,0.5315627931764216,18325.61,230001.14,1.1289613257909208
Moschus_moschiferus,Siberian musk deer,non_vocal_learner,0,0,NA,NA,NA,12,162,478.57,146108,305188,47.87475261150504,521149,604177,86.25766952399711,0.4417984728040621,0.5800489649284932,498.39,13315.57,0.5069897957257337
Tragulus_javanicus,Java lesser chevrotain,non_vocal_learner,0,0,15.8,2037,0.3622424710279754,12,144,370,139232,297693,46.77033050827531,515742,603918,85.39934229481486,0.1850270804873114,0.283236428976605,NA,NA,NA
Sus_scrofa,Pig,non_vocal_learner,0,1,169.8,86772.73,0.4515521716223426,27,115,995,142391,298688,47.672152881937,493374,570449,86.48871327673464,0.394695273318964,0.6599446968059536,807.77,84471.54,0.22495993326649
Catagonus_wagneri,Chacoan peccary,non_vocal_learner,0,1,NA,NA,NA,14,152,623.6,149768,314647,47.59873763296646,521476,604812,86.22117286032685,0.37762667641174913,0.5674282919153878,600.2,35566.4,0.314784150539458
Camelus_bactrianus,Bactrian camel,non_vocal_learner,0,1,575,400000,0.4926166176302325,50,395,35500,161093,325406,49.50523346219799,524641,607164,86.4084497763372,0.8208753103229005,0.6321892996947198,34346.64,554515.91,1.1051252808397587
Camelus_dromedarius,Arabian camel,non_vocal_learner,0,NA,762,400000,0.514445574628064,50,405,36875.595,161353,326156,49.471111983222755,525414,607693,86.46043314634198,0.8129422749021525,0.6501653295279374,36751.19,492714.47,1.1592876703789468
Camelus_ferus,Wild bactrian camel,non_vocal_learner,0,NA,NA,NA,NA,NA,NA,NA,159571,323522,49.323075401363745,524764,605936,86.60386575479919,0.7785246739445195,0.6997648235285375,NA,NA,NA
Vicugna_pacos,Alpaca,non_vocal_learner,0,NA,NA,NA,NA,25.8,345,NA,163200,328987,49.60682336992039,526693,607600,86.6841672152732,0.8444943432768114,0.7275333473660505,NA,NA,NA
Eubalaena_japonica,North pacific right whale,high_confidence_vocal_learner,1,0,NA,NA,NA,NA,NA,797164,171560,333889,51.38234562983507,534447,610557,87.53433340376084,1.2572924224119988,1.021523767110716,NA,NA,NA
Balaenoptera_bonaerensis,Antarctic minke whale,suspected_vocal_learner,1,NA,NA,NA,NA,73,330,320000,165656,323507,51.2063108371689,532565,610009,87.30444960648121,1.2163654084769278,0.94202915185795,NA,NA,NA
Balaenoptera_acutorostrata,Common minke whale,suspected_vocal_learner,1,NA,2850,5587093.59,0.5120423369813214,50,330,320000,167205,327977,50.98070901313202,531678,609586,87.21952275806859,1.1639143625428188,0.9126611528119832,NA,NA,NA
Eschrichtius_robustus,Grey whale,suspected_vocal_learner,1,0,4316.67,30000000.02,0.4861695731662365,80,395,500000,170815,332416,51.38591403542549,531820,609693,87.22750630235217,1.2581220549131267,0.9154218901440028,500000,27324024.19,1.0021982504249638
Orcinus_orca,Killer whale,high_confidence_vocal_learner,1,1,6052,3273000,0.5804958193467566,90,435,159333.33,165933,325715,50.94423038545968,525580,606384,86.67445051320615,1.1554333044493243,0.724173278055004,158745.07,5628758.66,1.0201938413673326
Tursiops_truncatus,Bottlenose dolphin,high_confidence_vocal_learner,1,1,1573,170480,0.6110336895637627,53,365,19350,153308,301229,50.894170216015056,518738,599284,86.55962782253489,1.1437946208605771,0.6844671929580349,24369.6,281040.55,1.1731423156383878
Inia_geoffrensis,Amazon river dolphin,high_confidence_vocal_learner,1,0,633.645,92003.5,0.5644553683447383,26,287,6800,166021,326384,50.86677042992304,517629,599941,86.27998419844619,1.1374243379737583,0.5877654568292356,6799.99,121430.76,0.9468155781326019
Lipotes_vexillifer,Yangtze river dolphin,suspected_vocal_learner,1,0,558,180000,0.5226435349014478,24,319,11593.3,164776,325205,50.668347657631344,524148,606595,86.40822954359993,1.0912922555392495,0.6321131424495242,NA,NA,NA
Delphinapterus_leucas,Beluga whale,high_confidence_vocal_learner,1,1,1921,498250,0.5763155300467269,40,416,66000,167513,328362,51.0147337389832,526002,605917,86.81089984271773,1.1718249034532686,0.7713579299503557,57000,1381640.73,1.0382559578575956
Monodon_monoceros,Narwhal,suspected_vocal_learner,1,1,2993.7,1578329.998,0.5608417774680353,50,450,80000,167229,328321,50.934603634857346,525144,605661,86.70592955465186,1.1531951437420918,0.7350588398817404,79999.99,938126.44,1.243126502749733
Neophocaena_asiaeorientalis,Narrow-ridged finless porpoise,suspected_vocal_learner,1,NA,NA,NA,NA,NA,NA,NA,164462,323981,50.76285337720422,523468,605815,86.40723653260484,1.1132642580242242,0.6317697557997016,NA,NA,NA
Phocoena_phocoena,Harbor porpoise,suspected_vocal_learner,1,0,1735,142430,0.6285506349856363,20,320,6887.5,166135,325929,50.97275787057918,525016,606478,86.56802060420988,1.162065770471154,0.6873694460008705,8892.16,52730.93,1.310650095784133
Kogia_breviceps,Pygmy sperm whale,suspected_vocal_learner,1,1,1019,334000,0.5445894742056862,17,335,82000,165020,324878,50.79445207123905,525175,605978,86.66568753321077,1.1206107613574936,0.7211430091476516,82000,431500,1.4682307344618795
Mesoplodon_bidens,Sowerbyâ€™s beaked whale,suspected_vocal_learner,1,0,NA,NA,NA,NA,NA,NA,160048,313365,51.073987203420934,516233,596296,86.57327904262313,1.1856009719679916,0.6891878322614002,NA,NA,NA
Ziphius_cavirostris,Cuvier's beaked whale,high_confidence_vocal_learner,1,0,2004,2273000.001,0.5194440440180698,36,365,NA,158145,310261,50.97160132920347,519703,600093,86.60374308648827,1.161796881666372,0.6997224044007179,NA,NA,NA
Ailurus_fulgens,Lesser panda,non_vocal_learner,0,0,46.8,5590,0.4457065139089048,19,130,102.02,156042,326642,47.771566424403474,536298,611167,87.7498294246908,0.41780831464583307,1.0960430393476006,104.04,5170.08,0.018126573286906967
Lycaon_pictus,African hunting dog,non_vocal_learner,0,0,129,22050,0.48592934897033085,17,72,318,151575,339192,44.68707988395953,536077,611543,87.6597393805505,-0.29931596352276946,1.064889589292457,297.45,21999.99,0.13448973447154286
Vulpes_lagopus,Arctic fox,non_vocal_learner,0,0,35.5,3415,0.4387367492469767,16.3,52,70,158385,336596,47.054926380586814,539277,612402,88.05931398003273,0.2511938822629411,1.2030638731110774,69.17,3584.37,-0.09461612862161813
Spilogale_gracilis,Western spotted skunk,non_vocal_learner,0,0,6.81,420,0.31760119595282976,NA,NA,9.5,156453,332657,47.031326561593474,527498,611673,86.23856210753131,0.24570706851335913,0.5734415539739249,NA,NA,NA
Pteronura_brasiliensis,Giant otter,non_vocal_learner,0,0,85.6,24000,0.44118277818994456,12.8,68,204.25,159177,334748,47.551292315413384,531953,611848,86.94201827904969,0.3665959299142029,0.8166991404754055,204.25,26000,-0.06986234257784796
Mellivora_capensis,Honey badger,non_vocal_learner,0,0,72.97,8080,0.4768231891211287,31.3,70,210,157721,331303,47.60626978928654,531798,611618,86.94937035862253,0.3793778567437969,0.8192415151180156,210,8999.99,0.21246003167365515
Mustela_putorius,European polecat,non_vocal_learner,0,NA,7.87,915,0.3025489128021186,14,42,9.5,153622,328554,46.757001893143894,530329,610523,86.86470452382629,0.18192825889098616,0.7899637754868291,9.5,975.55,-0.9350254852923058
Odobenus_rosmarus,Walrus,high_confidence_vocal_learner,1,NA,1410.25,1022225,0.5240488794650185,40,331,61195.45,168381,341160,49.35543440028139,537219,612226,87.74847850303647,0.7860479435184999,1.0955758859491496,59090.9,1042996.25,1.119027317095561
Zalophus_californianus,California sea lion,high_confidence_vocal_learner,1,1,405,91000,0.5257981970572425,31,259,6758.57,166482,337565,49.31850162190985,536062,612455,87.52675706786621,0.7774612981617538,1.0189038438534173,6347.89,137194.86,0.8868645963475844
Leptonychotes_weddellii,Weddell seal,high_confidence_vocal_learner,1,1,564.17,378666.67,0.4932382909085972,25,304,27395.84,163962,334126,49.071907005141775,529225,603337,87.71631774613525,0.7201295561582308,1.0844545845509896,27395.84,400000,1.1160051649207725
Mirounga_angustirostris,Northern elephant seal,high_confidence_vocal_learner,1,1,670,700000,0.48349485044632945,20.25,252,34815.885,169159,342132,49.44261279272328,535049,610456,87.64743077306146,0.8063163872066325,1.0606332300874242,34381.77,1112390.81,0.9313007020116653
Neomonachus_schauinslandi,Hawaiian monk seal,suspected_vocal_learner,1,0,NA,NA,NA,NA,NA,NA,169052,341156,49.55269729976902,536920,611156,87.85318314800149,0.8319103626114858,1.131783115711183,NA,NA,NA
Ailuropoda_melanoleuca,Giant panda,non_vocal_learner,0,0,205,87500,0.4677762229954255,34,130,109.29,167849,343160,48.91275206900571,538225,611851,87.96667816184005,0.6831270057508894,1.1710300855497275,104.39,117999.99,-0.6222153186135295
Ursus_maritimus,Polar bear,non_vocal_learner,0,0,507,317000,0.4917249261268297,45,190,649.625,163857,338376,48.42453365486914,537824,611971,87.88390299540337,0.5696192068885477,1.1424061456016537,670.48,371703.81,-0.13973644566724625
Cryptoprocta_ferox,Fossa,non_vocal_learner,0,0,32.1,6775,0.39324998704177966,20,90,100,166684,342589,48.65421831991103,536603,612022,87.67707696782142,0.6230194884150992,1.070884987166611,99.96,9500,-0.1602687931506512
Acinonyx_jubatus,Cheetah,non_vocal_learner,0,0,111,43000,0.4414237408530743,19,88,465.33,163259,336491,48.518088150946085,535193,611194,87.56515934384173,0.5913700557215442,1.032183484217939,441.66,50577.92,0.10237374855796394
Felis_catus,Domestic cat,non_vocal_learner,0,NA,25.6,3300,0.4002371425479484,14,65,101.87,164603,338901,48.569641281672226,536480,612464,87.593719794143,0.6033558436880544,1.04205978709362,113,2884.8,0.2392846690093295
Felis_nigripes,Black-footed cat,non_vocal_learner,0,0,20.1,1100,0.42848661528647414,15.6,66,72,162633,333400,48.78014397120576,532266,609008,87.39885190342326,0.6522964330875977,0.974673793904024,72,1362.77,0.23577539835368913
Puma_concolor,Puma,non_vocal_learner,0,0,154,54432,0.461906255131815,20,92,400,162140,338557,47.891492422250906,531248,609534,87.15641785363901,0.4456903765424658,0.89083925776085,409.87,53954.05,0.057431899604517986
Panthera_onca,Jaguar,non_vocal_learner,0,0,149,77700,0.4443761099622296,28,99,820,168064,343540,48.921231879839326,538659,612859,87.89281058122668,0.6850985099683096,1.1454864197063728,817.3,83943.09,0.23096261591092918
Panthera_pardus,Leopard,non_vocal_learner,0,0,135,48000,0.45507882642025954,27,97,550,168192,344041,48.887196584128056,539327,613223,87.94957136310934,0.6771855116299584,1.1651144951540722,553.39,52399.99,0.18582340171656475
Panthera_tigris,Tiger,non_vocal_learner,0,NA,269.73,195000,0.4595299333512019,26,105,1248.59,161647,332592,48.60219127339202,536622,611260,87.7894840166214,0.6109235179218002,1.109755734917415,1313.5,161914.66,0.26254207184389067
Helogale_parvula,Dwarf mongoose,non_vocal_learner,0,0,4.8,267,0.2807492585023008,10,55,NA,160739,338535,47.48076269809621,532153,611978,86.95623045272869,0.3501982247386735,0.8216137594780804,NA,NA,NA
Mungos_mungo,South african banded mongoose,non_vocal_learner,0,1,10.5,860,0.3479944924275504,11,60,24.2,160448,338311,47.426184782640824,532307,612060,86.9697415286083,0.3375091928003934,0.8262859364275229,24.2,1260,-0.40907859641330563
Suricata_suricatta,Meerkat,non_vocal_learner,0,0,10.3,725,0.35409704111136614,12,77,29.75,158233,336200,47.06513979773944,530859,612325,86.69562732209202,0.2535684393592929,0.7314962920933349,30.5,729.99,-0.09134594305407703
Hyaena_hyaena,Striped hyena,non_vocal_learner,0,0,97.5,36300,0.4361941546736793,24,90,669.5,163195,338377,48.22875077206784,536076,613066,87.44180887539025,0.5241008826340221,0.9895284639562406,653.23,35070.51,0.35407578081790936
Paradoxurus_hermaphroditus,Asian palm civet,non_vocal_learner,0,0,25.95,2773.5,0.41072488875286506,24.5,60,88.65,164973,340771,48.41168996188056,537380,612803,87.69212944453601,0.5666331267281444,1.076090185876513,92.07,3200,0.09373559798899136
Macroglossus_sobrinus,Long-tongued fruit bat,suspected_vocal_learner,1,NA,0.692,21.7,-0.119639897479593,6,130,NA,148133,305196,48.53700572746694,510755,603881,84.57874978679575,0.5957682766991159,-5.273093826194188e-4,NA,NA,NA
Eidolon_helvum,Straw-colored fruit bat,suspected_vocal_learner,1,1,4.4325,266.75,0.2665378855024424,22,165,49.14,146700,297617,49.291539125789186,515055,603088,85.40295943543894,0.7711926825219609,0.2844872487630781,48.28,254.61,0.7089679358288236
Pteropus_alecto,Black flying fox,high_confidence_vocal_learner,1,1,7.03967,595,0.3054774260097459,NA,NA,NA,152423,312052,48.84538474356838,519074,608344,85.32573675420487,0.6674645141196429,0.25778337747621766,NA,NA,NA
Pteropus_vampyrus,Large flying fox,high_confidence_vocal_learner,1,1,9.654,1078.07,0.32470225093341804,30,192,133,149723,305963,48.935001944679584,514585,604578,85.11474119137647,0.688299965925217,0.18482037927638287,NA,NA,NA
Rousettus_aegyptiacus,Egyptian fruit bat,high_confidence_vocal_learner,1,1,2.26075,129.62,0.16767985595635945,25,116,21.06,147390,306246,48.127975549068395,516767,607466,85.0692878284546,0.5006712589014589,0.16910244856453466,19.13,134,0.2798919416453877
Craseonycteris_thonglongyai,Bumblebee bat,suspected_vocal_learner,1,0,0.087,2.56,NA,NA,NA,NA,132486,278407,47.58716555259027,491320,596465,82.37197488536628,0.37493623841570906,-0.7636377321898881,NA,NA,NA
Hipposideros_armiger,Great roundleaf bat,high_confidence_vocal_learner,1,NA,0.8,56,-0.05543454794963692,NA,NA,NA,144437,283641,50.92246889554048,510695,597932,85.41021387047356,1.1503738909795111,0.28699585758534796,NA,NA,NA
Hipposideros_galeritus,Cantor's leaf-nosed bat,high_confidence_vocal_learner,1,0,0.279,10.4,-0.5451107405275867,NA,NA,NA,149932,307985,48.681591635956295,518238,609932,84.96652085806286,0.6293836171777475,0.13356527339752314,NA,NA,NA
Megaderma_lyra,Greater false vampire bat,high_confidence_vocal_learner,1,NA,0.8935,35.3,-0.03159726217781989,14,150,8.86,137139,287652,47.6753160068416,499452,604422,82.63299482811678,0.3954306805364125,-0.6733761297290153,10.22,39.27,0.4152577442038914
Tadarida_brasiliensis,Mexican free-tailed bat,high_confidence_vocal_learner,1,1,NA,NA,NA,12,78,2.995,148410,301156,49.28010731979439,513003,605770,84.68610198590224,0.7685348574626881,0.03659545379380386,3.19,12.61,-0.35900025904435456
Mormoops_blainvillei,Ghost-faced bat,suspected_vocal_learner,1,NA,NA,NA,NA,NA,NA,NA,141326,294461,47.9948108578046,510291,604871,84.36360810817514,0.46971128165793746,-0.07492404881865902,NA,NA,NA
Pteronotus_parnellii,Parnell's mustached bat,high_confidence_vocal_learner,1,NA,0.5315,19.1,-0.21427758102073072,NA,NA,NA,126465,265801,47.57882776964722,497572,591658,84.09790791301732,0.3729977548152256,-0.16680409881175878,NA,NA,NA
Noctilio_leporinus,Greater bulldog bat,suspected_vocal_learner,1,1,1.184,59.16,0.04139420796026333,NA,NA,6.16,128844,273231,47.15570341579103,489716,595498,82.23638030690279,0.2746239273220434,-0.8105268082051291,NA,NA,NA
Carollia_perspicillata,Seba's short-tailed bat,high_confidence_vocal_learner,1,1,0.50867,17.07,-0.23823720919237285,12.4,95,5,133095,284591,46.76711491227762,498249,599907,83.05437342788132,0.18427947406125395,-0.5276619469095728,4.89,19.23,-0.009896037469724
Desmodus_rotundus,Common vampire bat,high_confidence_vocal_learner,1,1,0.916,33.26,-0.02503710453030825,12,189,8,137766,290700,47.39112487100103,503712,602346,83.62502614776226,0.32935797751782586,-0.33032825507612873,6.94,33.16,0.06264493353896342
Anoura_caudifer,Tailed tailless bat,suspected_vocal_learner,1,NA,0.4225,10.5,-0.36640932984224595,NA,NA,2.14,137350,290000,47.36206896551724,500609,601201,83.2681582365964,0.322602656989307,-0.4537344177978966,2.14,10.81,-0.9679999370644209
Micronycteris_hirsuta,Hairy big-eared bat,suspected_vocal_learner,1,NA,NA,NA,NA,NA,NA,NA,134464,286059,47.00568763786491,500443,600534,83.33300029640287,0.23974617536930268,-0.43131180838605576,NA,NA,NA
Tonatia_saurophila,Stripe-headed round-eared bat,suspected_vocal_learner,1,NA,NA,NA,NA,NA,NA,NA,136076,288638,47.14417367082643,500960,601254,83.31919621324765,0.27194333205058036,-0.43608530826872366,NA,NA,NA
Artibeus_jamaicensis,Jamacian fruit-eating bat,suspected_vocal_learner,1,1,0.98025,39.33,-0.00543238160263367,10,76,8.9,130937,279961,46.76972864077496,496303,600122,82.70035092864451,0.18488714997016292,-0.6500841563070449,10.57,43.63,0.37671467647956014
Rhinolophus_sinicus,Chinese rufous horseshoe bat,high_confidence_vocal_learner,1,NA,NA,NA,NA,NA,NA,2.86,149187,306241,48.71555408975284,520812,609673,85.42480969306497,0.6372796802159018,0.2920431437139609,NA,NA,NA
Eptesicus_fuscus,Big brown bat,suspected_vocal_learner,1,1,0.21433,11.23,-0.6368335185931231,19,35,3.555,121179,259112,46.76703510451079,484708,586848,82.5951524074377,0.18426091924299481,-0.6864621701882212,3.21,17.49,-0.5801204651059089
Lasiurus_borealis,Eastern red bat,suspected_vocal_learner,1,0,0.17,7.7,-0.8680870050524182,NA,NA,1.5,116731,254080,45.94261649874055,472924,583262,81.08260095806001,-0.007411370397360417,-1.2095077129414364,4.29,12.33,0.17916750262281425
Miniopterus_natalensis,Atal long-fingered bat,suspected_vocal_learner,1,NA,NA,NA,NA,NA,NA,2.86,128911,270352,47.68265076640824,500002,597541,83.67660127087514,0.3971359673291405,-0.31249339843555574,3,10.43,-0.31110588931725297
Miniopterus_schreibersii,Common bent-wing bat,suspected_vocal_learner,1,NA,0.2703,11.78,-0.5304172639941427,NA,NA,2.86,131019,273574,47.89161250703648,500881,598638,83.67009778864688,0.44571829552153824,-0.3147423251700894,2.86,11.46,-0.4773177905155569
Myotis_brandtii,Brandt's bat,high_confidence_vocal_learner,1,1,NA,NA,NA,NA,NA,NA,120878,254828,47.43513271696988,491134,590079,83.23190623628362,0.3395895328708357,-0.4662704853725183,NA,NA,NA
Myotis_davidii,David's myotis,suspected_vocal_learner,1,NA,NA,NA,NA,NA,NA,NA,119749,254283,47.09280604680612,487915,590337,82.65024892561368,0.26000067325995296,-0.6674096029085905,NA,NA,NA
Myotis_lucifugus,Little brown bat,suspected_vocal_learner,1,1,0.16133,8,-0.877304452055121,30,55,2.07,115431,242760,47.549431537320814,484932,582410,83.26299342387665,0.36616331037478533,-0.4555204279685487,2.18,7.8,-0.7043079079261657
Myotis_myotis,Greater mouse-eared bat,high_confidence_vocal_learner,1,1,0.489,27.92,-0.21487504585581663,22,65,5.95,124232,261646,47.48094753980569,490689,591678,82.93176356058531,0.35024119930696895,-0.570060864720352,6,25.59,0.05970946480729172
Pipistrellus_pipistrellus,Common pipistrelle,high_confidence_vocal_learner,1,1,NA,NA,NA,9,42,1.125,109535,243320,45.01685023836923,472139,582574,81.04360991050063,-0.22264637062079318,-1.2229909525638654,1.28,5.3,-1.7246874692124432
Erinaceus_europaeus,Western european hedgehog,non_vocal_learner,0,0,NA,NA,NA,11.7,30,15.62,62378,155390,40.14286633631508,456718,571349,79.93678119678165,-1.3558178536978118,-1.6057361646623878,15.54,777.95,-0.5599387871303392
Solenodon_paradoxus,Hispaniolan solenodon,non_vocal_learner,0,1,4.67,900,0.22656125163304192,11,50,89.99,144219,304151,47.41690804896252,517921,609826,84.92930770416478,0.33535240888981754,0.12069683557599437,89.99,899.99,0.5397605416910685
Sorex_araneus,Common shrew,non_vocal_learner,0,0,0.23,8.9,-0.6722971165854404,2,21,0.44,55075,146543,37.58282551878971,456300,568262,80.2974684212564,-1.9510117050173268,-1.4810092701377993,0.42,9.18,-4.103132249484656
Condylura_cristata,Star-nosed mole,non_vocal_learner,0,0,1.37,50,0.08047261976813952,2,40,1.5,87820,213212,41.18905127291147,486631,585391,83.1292247403872,-1.1125862468646146,-0.5017781031622813,1.5,48.15,-1.9159512825849874
Scalopus_aquaticus,Eastern mole,non_vocal_learner,0,0,1.48,39.6,0.10656708294224986,3,36,5.355,101594,233589,43.49263021803253,504244,597524,84.38891157509991,-0.5770182142070406,-0.06617402210277525,5.35,87.15,-0.7219790433239741
Uropsilus_gracilis,Gracile shrew mole,non_vocal_learner,0,NA,NA,NA,NA,NA,NA,NA,96542,223487,43.19803836464761,486102,586472,82.88579846949214,-0.6455090205188772,-0.5859557528105505,NA,NA,NA
Equus_asinus,African wild ass,non_vocal_learner,0,NA,434,234000,0.49122437978954936,NA,NA,29249.99,188581,365447,51.602831600751955,541548,614277,88.16022738927226,1.308554063747388,1.2379600803961175,29249.99,164998.49,1.3975506708029974
Equus_caballus,Horse,non_vocal_learner,0,1,693,340722,0.513472117719189,61,337,37900,183842,358051,51.34519942689728,539895,614226,87.89842826581746,1.2486561571473647,1.1474290345423883,37899.99,403598.53,1.2244684443433225
Equus_przewalskii,Przewalski's horse,non_vocal_learner,0,NA,NA,NA,NA,NA,NA,NA,185258,359209,51.57387481939484,540770,614500,88.00162733930024,1.3018217889727932,1.1831156324585388,NA,NA,NA
Ceratotherium_simum,White rhinoceros,non_vocal_learner,0,NA,643,1400000,0.4569073336290057,50,515,51166.67,190086,363664,52.26967750450966,539615,612569,88.09048450052157,1.4635916627485832,1.2138427473197495,48500,2285939.43,0.8721597647500792
Dicerorhinus_sumatrensis,Sumatran rhinoceros,non_vocal_learner,0,NA,NA,NA,NA,32.7,236,23000,192986,368730,52.338025113226486,542099,614266,88.25150667626077,1.4794820642539666,1.2695247747572085,22849.5,1046156.04,0.8159492291634151
Diceros_bicornis,Black rhinoceros,non_vocal_learner,0,0,655,765450,0.47863377111025823,45,474,34999.99,192597,368383,52.28172852710359,541991,614838,88.15183837043253,1.4663934518844897,1.2350591285547756,34999.99,995940.54,0.9634825825865979
Tapirus_indicus,Malayan tapir,non_vocal_learner,0,0,265,201000,0.4569406538432772,36.5,396.5,6848.35,190774,366455,52.05932515588544,540970,614757,87.99737131907403,1.4146860266920545,1.1816438858874707,6848.35,311209.19,0.701933493302328
Tapirus_terrestris,South american tapir,non_vocal_learner,0,0,180.5,160000,0.4335943855564381,35,398,5608.75,192619,370303,52.01659181805171,541101,614849,88.0055102960239,1.4047507866947553,1.1844583723751534,4507.91,169496.64,0.7041721307859964
Manis_javanica,Malayan pangolin,non_vocal_learner,0,0,NA,NA,NA,NA,NA,NA,156635,322246,48.60727518727928,519825,607591,85.55508557565862,0.6121054968440179,0.3370929962309682,NA,NA,NA
Manis_pentadactyla,Chinese pangolin,non_vocal_learner,0,0,NA,NA,NA,NA,NA,90.585,143891,298914,48.137925958636934,470972,549066,85.77693756306164,0.5029846683411686,0.4138101837420649,88.67,4675,-0.03676536954971146
