IID,type,cp_pgs.background,cp_pgs.HAQER,cp_pgs.matched
AltaiNeanderthal.DG,Neanderthal/Denisovan,-2.6499509743962233,1.1642513705443622,-0.12337124734250256
Chagyrskaya_noUDG.SG,Neanderthal/Denisovan,-2.7580930341848777,2.1680386492983454,0.08155848172408692
Denisova3.DG,Neanderthal/Denisovan,-2.9649242662257795,-0.26387543331263325,-1.0583682239746055
Denisova11_noUDG.SG,Neanderthal/Denisovan,-3.2838528004496403,-1.4407713511897886,-2.2339717167664097
Goyet_noUDG.SG,Neanderthal/Denisovan,-2.767877293302366,0.9095513454331393,-0.17398734620491932
Les_Cottes_noUDG.SG,Neanderthal/Denisovan,-1.9765136888652108,1.2297836232551163,-1.05546438945418
Mezmaiskaya2_noUDG.SG,Neanderthal/Denisovan,-3.037876526235986,1.3804410419252924,1.3097959999004907
Spy_noUDG.SG,Neanderthal/Denisovan,-2.7093249466350784,-0.12111551207518997,0.7711920156095277
Vindija_snpAD.DG,Neanderthal/Denisovan,-2.736540157352682,2.3691657834303745,0.8329774837671736
VindijaG1_noUDG.SG,Neanderthal/Denisovan,-2.6201247462316744,1.4234906788711483,0.40432674786638495
HG00096,1000 Genomes Europeans,-1.5193985426685757,-1.1190700466000496,-1.5250041684782105
HG00097,1000 Genomes Europeans,2.0719758032709454,-1.0365504986910068,0.6665746944545293
HG00099,1000 Genomes Europeans,0.3011505602821186,-0.782816933371632,0.6132407639624318
HG00100,1000 Genomes Europeans,-0.3812955162168151,-1.3517527098879558,-0.3124119983005393
HG00101,1000 Genomes Europeans,0.2013989755510246,-0.1964790818245229,-0.8217438407113781
HG00102,1000 Genomes Europeans,2.0714164157846704,0.5504070016054665,0.00845413345861756
HG00103,1000 Genomes Europeans,-0.9486032378158655,1.1401130000374005,1.2888997113721952
HG00105,1000 Genomes Europeans,-1.1294806705161715,-1.6714457739276876,1.146723818139389
HG00106,1000 Genomes Europeans,-0.15987243924023437,-0.44656382867584743,-0.5427110713705514
HG00107,1000 Genomes Europeans,0.2336089823676691,-0.5666943192724118,0.7199086232819181
HG00108,1000 Genomes Europeans,0.3426285316979769,-0.2470012552326803,0.21244562607549794
HG00109,1000 Genomes Europeans,1.8176175875510678,2.058774462815965,0.3320516359228439
HG00110,1000 Genomes Europeans,-0.2884983799379933,1.1016600152957772,-0.6084081154135711
HG00111,1000 Genomes Europeans,-0.4058121452802948,0.16531579481077863,-0.6824430857514189
HG00112,1000 Genomes Europeans,0.5004327078322193,1.1187814170368102,-0.14680366954628324
HG00113,1000 Genomes Europeans,1.0654890527870116,1.1375868917936243,0.5547315739250739
HG00114,1000 Genomes Europeans,1.7002831041537192,-1.1670661083513774,0.4648833097923929
HG00115,1000 Genomes Europeans,-0.6011992544941398,-0.5394684785834303,2.1797632226253496
HG00116,1000 Genomes Europeans,-1.21249187615714,-0.40305861976730184,0.19720736093405955
HG00117,1000 Genomes Europeans,0.9537070667921556,0.8644864940455085,0.7319842299973316
HG00118,1000 Genomes Europeans,0.18728983343927336,-0.9843442565333851,0.7661984490243368
HG00119,1000 Genomes Europeans,-0.6906883786588359,-0.061472619321369715,-0.21106315444113058
HG00120,1000 Genomes Europeans,-0.4137196096022817,-1.28017963444833,0.638685792279574
HG00121,1000 Genomes Europeans,1.8715472420124402,1.401144213470625,0.4686209968718123
HG00122,1000 Genomes Europeans,0.8688174094977807,0.6823260024592329,0.7621732467858655
HG00123,1000 Genomes Europeans,0.16150249699956332,1.7239247459005234,-0.14594113405738005
HG00125,1000 Genomes Europeans,1.6279901416277285,-1.160329816288254,2.783112287322157
HG00126,1000 Genomes Europeans,0.36201393047825786,0.10525054524618013,-0.039560791561654055
HG00127,1000 Genomes Europeans,0.765371075625012,0.9543036857167582,0.18800689915032776
HG00128,1000 Genomes Europeans,-0.1334842645416965,1.3601651198026148,-0.10525783560467349
HG00129,1000 Genomes Europeans,0.9456476554040313,0.4069801723168828,0.37834146166526256
HG00130,1000 Genomes Europeans,-0.21617088732025824,0.10496986427705822,1.0923835879200279
HG00131,1000 Genomes Europeans,0.24119878450805757,-0.261877227139269,-0.8519328491763686
HG00132,1000 Genomes Europeans,1.2869880959654323,-0.380323648986369,0.050862502889130294
HG00133,1000 Genomes Europeans,-0.3088437152687962,-1.018587061721978,0.1578178856912113
HG00136,1000 Genomes Europeans,0.0941819263347431,0.4462751922865017,-1.0451425632818196
HG00137,1000 Genomes Europeans,0.2469032143142295,0.6497672702864208,1.222052603363552
HG00138,1000 Genomes Europeans,-0.019582101588755677,-1.7281428774607244,-0.11503332104767396
HG00139,1000 Genomes Europeans,1.5534458024574813,-0.8605649389361377,1.8429400496132624
HG00140,1000 Genomes Europeans,-0.6593485448166336,-0.6722295189315088,-0.976714115239558
HG00141,1000 Genomes Europeans,-0.5040305646129769,-0.0825235213528383,-0.594319902584796
HG00142,1000 Genomes Europeans,-1.2475679099135693,0.9026588003778002,2.052106808301061
HG00143,1000 Genomes Europeans,-0.09239993617173495,0.005609603275473988,0.5563129039704408
HG00145,1000 Genomes Europeans,-0.2509085261775826,-2.077026531908023,0.014923207890193057
HG00146,1000 Genomes Europeans,0.692221752161278,0.05051819143172897,-0.45746303979444497
HG00148,1000 Genomes Europeans,-0.5736163239587521,-1.5858387609562046,0.13855440998775856
HG00149,1000 Genomes Europeans,1.1784105464719241,-0.4013745510178376,0.4236249876804177
HG00150,1000 Genomes Europeans,-0.16353265829016256,0.40276999191058915,-0.8913223360721775
HG00151,1000 Genomes Europeans,0.10097061568417984,0.8706614258769148,0.804294112710287
HG00154,1000 Genomes Europeans,1.9828596187595593,-0.46228183495716846,-0.24067713924685288
HG00155,1000 Genomes Europeans,0.7394870402659566,-0.8914395980931691,0.1858505404515665
HG00157,1000 Genomes Europeans,0.9469460015161162,-2.2451530842559158,0.7223524954750226
HG00158,1000 Genomes Europeans,-0.2650660104177775,0.30481311868934724,0.5926834816962071
HG00159,1000 Genomes Europeans,-0.17954789079117656,-0.030878632600826864,1.2758178049295184
HG00160,1000 Genomes Europeans,-0.12072871668882298,1.0182984347185287,-0.2981800378804902
HG00171,1000 Genomes Europeans,1.8081217096838758,0.4142778177856163,1.806856986580429
HG00173,1000 Genomes Europeans,0.5126081501437704,-2.444996338668204,-2.178524500246965
HG00174,1000 Genomes Europeans,0.34802219067844137,1.3722343048854428,0.455826605588187
HG00176,1000 Genomes Europeans,0.9812140311257037,-0.1790769982611045,-0.720826272919964
HG00177,1000 Genomes Europeans,1.0372776745818582,-0.8664591966245284,0.9493451508747752
HG00178,1000 Genomes Europeans,-0.6065514773645097,-0.7070336775257122,-1.6103959642926775
HG00179,1000 Genomes Europeans,-0.16909206171100444,-0.15662269991666042,-0.9097232596396406
HG00180,1000 Genomes Europeans,0.793009239644733,0.3744214444103872,1.759848374771561
HG00181,1000 Genomes Europeans,1.1337833867015108,-0.7176994690260073,1.522936471521627
HG00182,1000 Genomes Europeans,0.43830552161574066,0.45890574203801593,0.9999476940147166
HG00183,1000 Genomes Europeans,0.27687564186085645,0.7909486680340333,-1.9736704654823467
HG00185,1000 Genomes Europeans,-0.6622352898114652,0.6856941467842679,-0.6799992102288972
HG00186,1000 Genomes Europeans,1.5720715245569041,-0.3777975373295395,0.5167796678186494
HG00187,1000 Genomes Europeans,0.06905756765654462,-0.5675363536471438,-0.9134609467190601
HG00188,1000 Genomes Europeans,1.438694199247605,0.27899067431334157,-0.23047037773585755
HG00189,1000 Genomes Europeans,-0.6810405683879647,0.3935075967232696,0.15566152199832387
HG00190,1000 Genomes Europeans,0.6587064932141985,-0.99444869462807,-0.9410623320702552
HG00231,1000 Genomes Europeans,-0.19557692066642968,-0.043509173819707925,-0.12193367154724434
HG00232,1000 Genomes Europeans,-1.1279129896884728,1.3478152559264864,-0.0013213686314692637
HG00233,1000 Genomes Europeans,-0.1340436520279716,0.18327923177980726,-0.029066501573938235
HG00234,1000 Genomes Europeans,-0.28366410844380496,0.40136659559761356,-0.4419372511704119
HG00235,1000 Genomes Europeans,-0.10256569781878778,1.3868295985533527,0.4335442356970698
HG00236,1000 Genomes Europeans,-0.01373264539725261,-1.003149736409779,0.6868444615617024
HG00237,1000 Genomes Europeans,-0.7286718754651444,0.30733923034617666,-2.581619764400438
HG00238,1000 Genomes Europeans,0.9186931872008682,1.2815750771329346,-1.24870278648954
HG00239,1000 Genomes Europeans,0.40307064943728216,1.0545059896257076,0.12921020061275276
HG00240,1000 Genomes Europeans,-0.5115996340358585,-0.643880971431307,-0.2181072525319752
HG00242,1000 Genomes Europeans,-1.4708349231142714,-1.4404471879218785,-1.9797082638459276
HG00243,1000 Genomes Europeans,1.350565575360135,-1.318071258104973,1.5381747366630654
HG00244,1000 Genomes Europeans,0.22468631868591035,0.7488468597047798,0.10908418942039703
HG00245,1000 Genomes Europeans,1.152284800470651,-0.802464447622758,1.0499752068365547
HG00246,1000 Genomes Europeans,0.2542029490214977,0.5024109398541385,0.4982349850069516
HG00250,1000 Genomes Europeans,0.9179473372191684,0.05079887240085065,0.0028475945159450403
HG00251,1000 Genomes Europeans,1.438480112678783,-0.3188550031087948,0.2909370697256859
HG00252,1000 Genomes Europeans,-0.23385739092420754,0.9231483472971316,-1.5666937666581804
HG00253,1000 Genomes Europeans,1.5661115720718164,0.5085858716855448,1.9636961169671627
HG00254,1000 Genomes Europeans,0.8561032830925418,-0.48613952108195485,1.1330668830433173
HG00255,1000 Genomes Europeans,1.0323743429041787,0.004206206962498267,0.41456828181150307
HG00256,1000 Genomes Europeans,1.9169202664270133,0.29302461184519835,0.7329905313893037
HG00257,1000 Genomes Europeans,0.4983885117384336,-0.3281174068287474,0.09557100025089058
HG00258,1000 Genomes Europeans,0.3390719029232852,0.41792664478629976,0.6356668914330749
HG00259,1000 Genomes Europeans,0.4078289400671723,0.6848521107030091,1.518479996544578
HG00260,1000 Genomes Europeans,-0.18038351901141467,1.348376613376565,-1.2718476968636863
HG00261,1000 Genomes Europeans,-0.02068707918706677,-1.0620922620978908,0.5098793206484963
HG00262,1000 Genomes Europeans,-0.9889002800940316,-2.1937888764730262,0.025273716992462177
HG00263,1000 Genomes Europeans,-0.09862231735408841,0.2941473271890521,0.6142470653544039
HG00264,1000 Genomes Europeans,-0.34943081031762363,1.3205894197171377,0.05761908915034012
HG00265,1000 Genomes Europeans,1.9749037976466697,-0.8804931341563852,1.0780078665910358
HG00266,1000 Genomes Europeans,-0.5229601515197597,-0.19311093579296126,-0.4532940766470304
HG00267,1000 Genomes Europeans,-0.6335335696410681,-1.0309369305043705,-0.7916985798376611
HG00268,1000 Genomes Europeans,2.340173841049421,-0.825760780341934,-0.413185801853593
HG00269,1000 Genomes Europeans,-0.058677482011724354,1.0289642262188239,0.8912672335759948
HG00271,1000 Genomes Europeans,-0.2614817429072303,-0.644723005806039,1.6045905735978399
HG00272,1000 Genomes Europeans,-0.10126044568835281,-1.6094157746445028,0.476240130274886
HG00273,1000 Genomes Europeans,1.1026921695198746,-1.4774967772037895,-0.60524545199342
HG00274,1000 Genomes Europeans,-0.9785549619699038,1.4982590522318087,-0.9908023280683331
HG00275,1000 Genomes Europeans,0.9354611757019311,-1.890375180652859,-2.003571962117703
HG00276,1000 Genomes Europeans,-0.848948352004117,1.5426062903955065,0.30373146267401996
HG00277,1000 Genomes Europeans,-0.2243062649102226,1.6046362879721645,0.36597833979079747
HG00278,1000 Genomes Europeans,0.6974151366096186,-0.39407690554910413,-1.0495990382588685
HG00280,1000 Genomes Europeans,1.0636175071519534,-1.4185542429830444,0.5909583940713146
HG00281,1000 Genomes Europeans,1.3971333409490985,0.06455212896358552,1.0880708721872137
HG00282,1000 Genomes Europeans,0.13793200711236545,-0.10357442338430665,0.8668285049861161
HG00284,1000 Genomes Europeans,-0.9436032365437579,0.3713339793479474,0.40508030486871993
HG00285,1000 Genomes Europeans,0.7126983165031718,0.77017844270537,-0.01957852796057232
HG00288,1000 Genomes Europeans,-0.10574940160262908,0.5652829743653186,-0.9077106601851136
HG00290,1000 Genomes Europeans,0.8387413770134583,-1.1210347963186356,0.5222424425229616
HG00304,1000 Genomes Europeans,-0.503319230060563,1.7629390883140736,-1.2545968372618468
HG00306,1000 Genomes Europeans,-0.7666070301430088,-0.5358196601153802,-0.6187586411629263
HG00308,1000 Genomes Europeans,1.009156074615243,0.4033313538488327,2.33286466526678
HG00309,1000 Genomes Europeans,0.059313073128785886,-0.5989723747424188,0.39343596922717505
HG00310,1000 Genomes Europeans,0.4049974432191331,-0.5807282568042685,0.11670331117051007
HG00311,1000 Genomes Europeans,0.44048093205815825,0.24025701628196625,1.2293842216075739
HG00313,1000 Genomes Europeans,-0.5366549325305664,0.06735892158953673,0.2245212327909115
HG00315,1000 Genomes Europeans,2.0405461911902054,0.1361252044032115,1.7392910918394526
HG00318,1000 Genomes Europeans,-1.4278237862999996,-0.3536591702356314,-0.2218449396113946
HG00319,1000 Genomes Europeans,-0.009174629299486326,-1.1844681919147957,0.1665870714069482
HG00320,1000 Genomes Europeans,1.3068638367109566,-2.272378924944897,0.34355221398486285
HG00321,1000 Genomes Europeans,1.4112079529691042,-0.03733424369482823,0.15767412145285095
HG00323,1000 Genomes Europeans,-0.7732161630153694,0.3665624370034101,-0.4340306009435779
HG00324,1000 Genomes Europeans,1.6709391242768583,0.5509683592773934,0.5011101299386336
HG00325,1000 Genomes Europeans,-0.3816270050975709,-0.17206003376149268,-1.1541105288913411
HG00326,1000 Genomes Europeans,0.33382327032815184,-1.1645399966945478,0.9739276370441798
HG00327,1000 Genomes Europeans,-0.23486566960317215,-0.6778430956507783,-0.15499783160275127
HG00328,1000 Genomes Europeans,0.3765650724268096,-0.360676134735243,-1.182718230616886
HG00329,1000 Genomes Europeans,-0.2266957765839214,0.588579307937758,-1.929249479950221
HG00330,1000 Genomes Europeans,-1.0898880421096107,-1.2147814891335837,0.049281179502598096
HG00331,1000 Genomes Europeans,0.37974187019230177,0.4965166872853273,-1.9946590121636056
HG00332,1000 Genomes Europeans,1.0889283283255775,-0.6792464834311206,0.48486556340522297
HG00334,1000 Genomes Europeans,-0.13228260268649802,0.8512945934481738,1.8159136917002248
HG00335,1000 Genomes Europeans,-1.4487078057244889,-1.5426142415494137,0.3892670110738867
HG00336,1000 Genomes Europeans,-0.46039098012893964,-0.7797294683091923,0.14847365966911913
HG00337,1000 Genomes Europeans,0.8011238991796511,0.6424696231111605,-0.9276929071391091
HG00338,1000 Genomes Europeans,0.8172496279742507,0.8630831002923227,0.2956810581970776
HG00339,1000 Genomes Europeans,0.8960204943615094,-0.47210559208273145,-1.2347583378991251
HG00341,1000 Genomes Europeans,0.5976428484859363,0.6618364555399016,0.07041349042221735
HG00342,1000 Genomes Europeans,-1.2348054560423471,-2.0579403795951405,-1.621609025530936
HG00343,1000 Genomes Europeans,-1.1135552162536955,-1.0059565205030971,-0.8619958630960896
HG00344,1000 Genomes Europeans,1.546346342282336,0.20489149574951943,-0.1299840860124384
HG00345,1000 Genomes Europeans,-2.2759331611267184,0.1706486905609262,-1.6244841771214524
HG00346,1000 Genomes Europeans,0.8212206178498864,1.0261574387124526,0.6690185666476336
HG00349,1000 Genomes Europeans,-1.2710071854521348,-0.29050645560859273,-1.0280354512712542
HG00350,1000 Genomes Europeans,-0.12505883418106997,-1.3003885021050663,0.14502348441933405
HG00351,1000 Genomes Europeans,-0.6053705335643584,-1.2125360584458762,-0.3509389330603584
HG00353,1000 Genomes Europeans,-0.3531531981951528,1.1187814170368102,2.064757445334578
HG00355,1000 Genomes Europeans,-0.6988720983772445,0.04546597665070309,0.1306477597609246
HG00356,1000 Genomes Europeans,-0.6747491270221212,-2.492150366044801,-0.3381445317884814
HG00357,1000 Genomes Europeans,-0.25056322526012953,-2.4202966096360528,1.394561270964418
HG00358,1000 Genomes Europeans,-0.6917035780186093,-0.2321252833260914,-1.694925207971155
HG00360,1000 Genomes Europeans,0.6991761859510912,1.5793752029746124,-0.17814274197689764
HG00361,1000 Genomes Europeans,-0.2921309749145251,-0.48192934067566107,0.3848105360968381
HG00362,1000 Genomes Europeans,0.31222102499535864,-0.07943605629039834,-0.854808000766885
HG00364,1000 Genomes Europeans,-0.05366366870291847,-0.36993852992256265,-1.9397437532908506
HG00365,1000 Genomes Europeans,0.3397417867031459,0.03423883174479752,0.21517701342765402
HG00366,1000 Genomes Europeans,-0.623519740397696,-2.2875355692879737,1.6163786668189104
HG00367,1000 Genomes Europeans,-0.2566958282039437,-0.22510831029384643,-1.9071108693033378
HG00368,1000 Genomes Europeans,0.39621980592270445,-0.37274532254851384,0.20166383424639947
HG00369,1000 Genomes Europeans,0.5771248480339478,-0.9152972927505888,-0.43187425389777684
HG00371,1000 Genomes Europeans,-0.23300793600481215,-1.4418505757022209,-1.6785368838582184
HG00372,1000 Genomes Europeans,-0.46347109363754546,-1.1726796850706467,-1.1572731923114923
HG00373,1000 Genomes Europeans,-1.254011298345552,-0.860003585530527,-0.19453106608983395
HG00375,1000 Genomes Europeans,-1.122629827001594,-0.2986461354520583,0.7009326693963516
HG00376,1000 Genomes Europeans,-0.6943140822794778,0.6649239214556046,1.0238113922864922
HG00378,1000 Genomes Europeans,-0.7266276793713593,-1.6939000722721314,0.9962100069352972
HG00379,1000 Genomes Europeans,0.36998356362784485,-0.012634514662676554,0.9862907572539363
HG00380,1000 Genomes Europeans,0.8135203340783724,-0.001968723162381419,-0.6582918756500092
HG00381,1000 Genomes Europeans,-2.0710985161741258,0.36263293756623816,-1.239933600773803
HG00382,1000 Genomes Europeans,-0.2605494304301058,-0.5428366246149919,0.38955452456822975
HG00383,1000 Genomes Europeans,0.9206821498103201,0.8002110657811428,-1.191487416332623
HG00384,1000 Genomes Europeans,3.4819163831585214,0.35533529209750464,0.6549303588129847
HG01334,1000 Genomes Europeans,-1.32372138068407,-1.4746899931104716,1.356178092119416
HG01500,1000 Genomes Europeans,0.4048938529438966,-0.2708589413574667,-2.179387052382954
HG01501,1000 Genomes Europeans,0.3394931700425793,1.5347472855483195,-0.3495013572651004
HG01503,1000 Genomes Europeans,-0.4578357240148635,0.49034175460065776,-0.481901761725489
HG01504,1000 Genomes Europeans,0.4294726215100591,-0.3152061846407446,-0.0854193362419521
HG01506,1000 Genomes Europeans,-0.8954194333361929,1.0295255830374876,0.36942851337587385
HG01507,1000 Genomes Europeans,0.8031819219725941,0.2997609039083214,0.8784728406276608
HG01509,1000 Genomes Europeans,0.13458255888814577,0.2537295918755794,-0.3962224540813878
HG01510,1000 Genomes Europeans,-1.0380785499438636,2.032390663327823,0.7781302981602244
HG01512,1000 Genomes Europeans,0.10122613836309555,1.382058060219153,2.076114265817071
HG01513,1000 Genomes Europeans,0.1824210465157976,0.21331185656210674,0.49996007263184417
HG01515,1000 Genomes Europeans,0.56820218435218806,0.0541670184324123,-0.07837523815110772
HG01516,1000 Genomes Europeans,0.8837069316829773,0.2773066055638773,1.485415836489071
HG01518,1000 Genomes Europeans,0.19220007113530183,1.6748059688053414,0.8643846327930117
HG01519,1000 Genomes Europeans,-0.04007247796734775,1.117097344874293,-0.25203396472347145
HG01521,1000 Genomes Europeans,-1.2460900073244083,0.22987189721815965,-3.0552998069948867
HG01522,1000 Genomes Europeans,0.959853496435128,1.061803636800968,-0.5936011313342534
HG01524,1000 Genomes Europeans,-1.2661452898845493,1.1662161219694744,0.4693397831047328
HG01525,1000 Genomes Europeans,-0.11245521873187664,0.6427503023737557,-0.7853732529973596
HG01527,1000 Genomes Europeans,-0.64639961378752675,-0.38341111404880895,0.6861256753287819
HG01528,1000 Genomes Europeans,0.1442856173058099,0.5049370489511781,0.14243586130553831
HG01530,1000 Genomes Europeans,-1.2232930061547662,0.9009747282152826,-1.6319595512802914
HG01531,1000 Genomes Europeans,0.7666555950379407,-0.03424677863238851,0.03404291935528545
HG01536,1000 Genomes Europeans,-1.0904957863867886,0.4139971453491278,-0.4662322255101819
HG01537,1000 Genomes Europeans,0.5706883656203142,-0.8574774738736974,-2.0382174622068288
HG01602,1000 Genomes Europeans,0.15774557903028963,0.6882202550280442,0.1361105344652368
HG01603,1000 Genomes Europeans,-0.629914786701235,1.5810592751371297,0.17276863234418088
HG01605,1000 Genomes Europeans,2.0811747223491275,-1.3253689121063397,0.9977913353159553
HG01606,1000 Genomes Europeans,-0.4899352345379239,-0.7620467123092851,1.3104632950303923
HG01607,1000 Genomes Europeans,1.060772198267217,-0.9138938964376129,-0.09390101012805446
HG01608,1000 Genomes Europeans,1.649537153476189,1.1114837707148135,2.1173725879290464
HG01610,1000 Genomes Europeans,-1.5696956021534167,-0.7791681149035816,0.3449897864507039
HG01612,1000 Genomes Europeans,0.06458242377896656,-0.7943247592466592,0.034330431184919775
HG01613,1000 Genomes Europeans,-0.34539074559603783,-0.7480127747774283,-1.9285306920525918
HG01615,1000 Genomes Europeans,-0.5973870883780733,-1.9484756719662382,0.4431759685546703
HG01617,1000 Genomes Europeans,-0.8160546493709135,1.0719080706293362,0.9302254410743914
HG01618,1000 Genomes Europeans,-0.1545685584983092,0.21218914121825294,0.3304703058774773
HG01619,1000 Genomes Europeans,-0.4222900663482384,1.6122146135567565,-1.721232781765452
HG01620,1000 Genomes Europeans,0.6607092678603487,0.3042517652837368,0.5934022679291276
HG01623,1000 Genomes Europeans,-1.040316129213882,-0.23577410179414157,0.2676484001073051
HG01624,1000 Genomes Europeans,0.34626804735531685,-0.8058325936543197,-0.34044465971972915
HG01625,1000 Genomes Europeans,-0.9895149303895586,-1.1620138935703515,0.1831191530994104
HG01626,1000 Genomes Europeans,2.1718655083690215,0.6135597145259784,-1.2071569525479304
HG01628,1000 Genomes Europeans,-0.07534188023755176,-2.8213865062409735,0.8482838238391269
HG01630,1000 Genomes Europeans,1.1991357274743855,-0.15971016497910037,-0.27561015116561294
HG01631,1000 Genomes Europeans,0.2352664560963653,0.7892645958715159,0.32730764745145224
HG01632,1000 Genomes Europeans,0.6565794249002246,1.0615229575383727,0.023117369946661324
HG01668,1000 Genomes Europeans,-0.6858334037720594,0.8159290746222536,-1.4457939352656843
HG01669,1000 Genomes Europeans,-1.7136668769098704,-0.18469057498037372,0.5241112860626713
HG01670,1000 Genomes Europeans,1.4852550588182183,1.211686074623763,-0.7203949968519694
HG01672,1000 Genomes Europeans,0.2900524714954822,0.19057687724854097,0.24464724398326743
HG01673,1000 Genomes Europeans,-0.8023805864151541,-1.0079212702216829,-0.8131184025869151
HG01675,1000 Genomes Europeans,1.3859178498505274,0.45245013094401454,1.112078328038515
HG01676,1000 Genomes Europeans,-0.7825670144972304,-0.5734306113355347,-1.4913649847634345
HG01678,1000 Genomes Europeans,1.2059520262347585,0.2904985001883688,-0.45372535271502556
HG01679,1000 Genomes Europeans,1.1798193888775945,-0.47098287673887745,-0.9941087390797578
HG01680,1000 Genomes Europeans,-0.6535405247352252,-1.101667963036631,0.8580593142762533
HG01682,1000 Genomes Europeans,-0.16022464617603746,1.4946102286441785,-0.35410159648050915
HG01684,1000 Genomes Europeans,0.09143330170689311,-0.1075039228214785,1.1442799459462845
HG01685,1000 Genomes Europeans,0.1968616775083046,-0.24896600495126622,0.6823879882493623
HG01686,1000 Genomes Europeans,-0.027669137050277327,-0.8709500579999441,0.23659683950632507
HG01694,1000 Genomes Europeans,-0.16775918550717403,-0.07690994463356882,-0.39349106672923173
HG01695,1000 Genomes Europeans,0.07726200543000097,0.3003222573139318,-0.5542116444384445
HG01697,1000 Genomes Europeans,0.1978078166845874,-1.5813479081134225,-0.1578729831932677
HG01699,1000 Genomes Europeans,1.3323818384350528,0.44487180450615926,-0.6715175363427945
HG01700,1000 Genomes Europeans,0.17050803290151126,0.8762750000363941,0.1901632561843805
HG01702,1000 Genomes Europeans,1.0978302739522898,-0.05894650766454019,0.23343418108030003
HG01704,1000 Genomes Europeans,1.2613388798927043,-2.3563018606342823,0.7490913403431885
HG01705,1000 Genomes Europeans,-0.8282231710016565,0.3488796810035033,-0.9412060963086156
HG01707,1000 Genomes Europeans,-0.46088821345007286,0.22734579409396352,-2.514628892153434
HG01708,1000 Genomes Europeans,-0.7895352603237428,1.647860811645272,-0.7998927418941294
HG01709,1000 Genomes Europeans,-0.14139864954449066,0.2627113060937772,-0.3881720562632799
HG01710,1000 Genomes Europeans,-0.6263236131723388,-0.9254017308452733,0.5823329609409776
HG01746,1000 Genomes Europeans,-0.2671723606767041,-1.0632149774417443,0.29079331214616
HG01747,1000 Genomes Europeans,0.2997831539865427,0.11956516374715859,1.098277633698209
HG01756,1000 Genomes Europeans,1.1594464148109371,-1.2770921693858903,-0.08858199966210285
HG01757,1000 Genomes Europeans,-1.561318513921234,-0.30061088517064427,-0.5552179441657078
HG01761,1000 Genomes Europeans,0.8129333225187009,-2.6442782311422492,-0.37451511950249944
HG01762,1000 Genomes Europeans,-0.6405984997244674,0.6536967722833825,-0.6102769672768238
HG01765,1000 Genomes Europeans,-1.3129133446680947,0.2037687804056654,-0.6433411273323312
HG01766,1000 Genomes Europeans,1.60286578294953,-0.5405911939272843,-0.31801852059612545
HG01767,1000 Genomes Europeans,-2.8923915431646634,-0.9096837160313191,0.3932922133123579
HG01768,1000 Genomes Europeans,-1.0938245165559608,-0.9458912709384982,-0.3449011346967776
HG01770,1000 Genomes Europeans,-2.1859053675307947,-0.3196970374835269,-0.5204286964853081
HG01771,1000 Genomes Europeans,-1.5809594353804306,-0.12939686776031237,0.05028747922986142
HG01773,1000 Genomes Europeans,-1.5550546966287868,0.22285493271854806,-1.8142436993300322
HG01775,1000 Genomes Europeans,-0.18300783530898185,0.31070736784510516,0.1020400746824663
HG01776,1000 Genomes Europeans,-0.20804241574864202,-1.677620704052567,-0.09835748510510332
HG01777,1000 Genomes Europeans,1.1076369226451896,0.18468262809278296,0.48141538982014637
HG01779,1000 Genomes Europeans,-0.39438945896879357,1.3899170644690557,-0.26180945016647217
HG01781,1000 Genomes Europeans,-0.4252389655082113,0.7199369511195977,-0.4011102051264313
HG01783,1000 Genomes Europeans,-1.0958134791654128,-2.0051727754992754,0.15638030989595308
HG01784,1000 Genomes Europeans,0.7718558855046304,0.8759943216270624,0.6317854451094209
HG01785,1000 Genomes Europeans,0.11253831371855308,0.5035336551979923,-0.4255489270574753
HG01786,1000 Genomes Europeans,-1.0225536594080926,-0.2966813857334724,1.2329781527721764
HG01789,1000 Genomes Europeans,-0.1330837154774497,0.17457818999809827,1.2788367057760173
HG01790,1000 Genomes Europeans,0.8953298778641424,0.1852439814983934,-0.2471462136784284
HG01791,1000 Genomes Europeans,0.0727730495157247,0.18580534343663677,1.4977789566988275
HG02215,1000 Genomes Europeans,-0.8754953651246842,0.23155597450025706,0.5521439441524437
HG02219,1000 Genomes Europeans,-1.2326576696733258,-0.3775168563604178,0.48357174851890783
HG02220,1000 Genomes Europeans,-2.281057485391569,-0.860003585530527,-0.4002476529904415
HG02221,1000 Genomes Europeans,0.17021107411250197,-0.9414004180957163,-0.6581481114116489
HG02223,1000 Genomes Europeans,-0.6460819369434696,0.7067450513755263,-0.8484826739265835
HG02224,1000 Genomes Europeans,1.3262492208287784,-0.8807738065928739,1.3836357215557937
HG02230,1000 Genomes Europeans,-0.360667019471241,-0.9733977925966012,-1.0084844637381674
HG02231,1000 Genomes Europeans,1.328555860282288,1.53278253497647,-2.0346235227186833
HG02232,1000 Genomes Europeans,-2.275014660686292,-0.17402478348007883,-0.7380771325218035
HG02233,1000 Genomes Europeans,0.12138501119847274,0.18019176671736753,-1.8986291954172356
HG02235,1000 Genomes Europeans,0.03647463584904971,-0.5459240896774319,0.3447022712916521
HG02236,1000 Genomes Europeans,-1.0622222540164938,-2.789950485145698,0.9487701222213807
HG02238,1000 Genomes Europeans,-0.4707224862163699,-0.2773145524514683,-0.3535265561741541
HG02239,1000 Genomes Europeans,-1.2142943616087076,-0.06034990397751591,1.4509141023030143
NA06984,1000 Genomes Europeans,0.9663383063147463,0.16475443287253524,0.32773891852532117
NA06985,1000 Genomes Europeans,-1.782486082881358,-0.19367229773120462,1.2610108108619487
NA06986,1000 Genomes Europeans,0.6295489758327624,0.3741407634412654,1.6705751392922745
NA06989,1000 Genomes Europeans,0.1297690054490047,1.283820506967379,-1.3836908140637243
NA06994,1000 Genomes Europeans,0.7772564505034429,0.07802471308983186,0.7302591440371476
NA07000,1000 Genomes Europeans,0.372746000292393,-0.6354606020860862,0.6971949823169319
NA07037,1000 Genomes Europeans,-1.1328232127220421,0.031151366682357788,-0.6661985258768427
NA07048,1000 Genomes Europeans,-0.13379503536740503,0.7426719278733735,-0.8824093861180798
NA07051,1000 Genomes Europeans,-0.03850479713964896,-0.5234697913329878,-0.4090168553532648
NA07056,1000 Genomes Europeans,0.48663433654617655,-0.5638875351790937,0.679800358476732
NA07347,1000 Genomes Europeans,0.902588191123775,-0.05613972357122215,1.608328262341968
NA07357,1000 Genomes Europeans,0.448436753171047,-0.1409046936353396,-1.076337871474074
NA10847,1000 Genomes Europeans,0.7016071337348846,0.7519343256204829,0.2526976484602098
NA10851,1000 Genomes Europeans,0.4078980002506623,-0.865897834686285,-0.32420008319806665
NA11829,1000 Genomes Europeans,0.09296645244284739,0.48557022078875367,0.5049915745975789
NA11830,1000 Genomes Europeans,0.8656544091065267,1.2711899643832767,-0.9038292088673339
NA11831,1000 Genomes Europeans,-0.2239057158459768,-0.6068313736167628,0.4070929059879555
NA11832,1000 Genomes Europeans,-1.1778647335934003,0.5066211211136955,-0.18763073223735013
NA11840,1000 Genomes Europeans,-0.5703290298996743,1.0404720538003778,2.6034157590567952
NA11843,1000 Genomes Europeans,0.4772075335249345,1.0845386127014804,-1.1693488056857404
NA11881,1000 Genomes Europeans,-0.9642248272709824,0.15801814934204514,0.5647945795212519
NA11892,1000 Genomes Europeans,-0.3645551517891476,-0.5720272150225593,-0.10324523615014662
NA11893,1000 Genomes Europeans,-0.27140579391206465,-2.554461037764473,0.6819567171754936
NA11894,1000 Genomes Europeans,1.313369364645621,-0.049122750538977175,0.17995649467338537
NA11918,1000 Genomes Europeans,-0.23482423349307754,0.028344574056406578,0.3349267808545259
NA11919,1000 Genomes Europeans,-0.7145558273350442,0.19675180737342043,-0.5346606569053571
NA11920,1000 Genomes Europeans,3.659803465926301,0.07465656705827022,-0.0463173778228641
NA11930,1000 Genomes Europeans,1.1511038566704999,0.6334879037733828,-1.3836908140637243
NA11931,1000 Genomes Europeans,-0.9111100829748007,0.30481311868934724,0.9599831851243478
NA11932,1000 Genomes Europeans,1.6255246637521907,-0.5703431377404619,0.22279614683072746
NA11933,1000 Genomes Europeans,0.5614756491678933,-0.6859827754942439,-0.6886246483533601
NA11992,1000 Genomes Europeans,-0.12818038379977034,0.8799238236240243,0.6352356186944974
NA11994,1000 Genomes Europeans,-0.727705032896274,-0.46480793808136456,-0.8368383366203301
NA11995,1000 Genomes Europeans,1.5426999206066478,0.5607921146964298,1.8932550776274462
NA12003,1000 Genomes Europeans,0.1298035355407502,-1.2195530314781209,1.7293718434898588
NA12004,1000 Genomes Europeans,-1.0760551553942819,0.3640363253465806,-0.1917996787376781
NA12005,1000 Genomes Europeans,0.1258670610943999,0.7376197105325578,0.23587805327340455
NA12006,1000 Genomes Europeans,0.2618479993086779,-0.1804803945740802,1.6528930004594937
NA12043,1000 Genomes Europeans,2.0903667354089603,0.7654069046271494,1.1911448003420975
NA12044,1000 Genomes Europeans,0.832878108785257,-1.4076077705136278,1.7276467566973206
NA12045,1000 Genomes Europeans,0.9310619980261932,0.3255833482843271,-0.4791703743733329
NA12046,1000 Genomes Europeans,-0.8503157582996929,2.601887790689967,1.125303992060718
NA12058,1000 Genomes Europeans,0.49197274737984725,0.014310636524549801,-0.25505286390526233
NA12144,1000 Genomes Europeans,1.1762282153486983,1.3814967028032052,1.3724226586528265
NA12154,1000 Genomes Europeans,0.3239406554334121,-0.27198165670132074,-0.16577963342010166
NA12155,1000 Genomes Europeans,0.2531532195699794,1.1667774787881382,0.13079152399928495
NA12156,1000 Genomes Europeans,-0.2794652053001899,1.3393948942179725,-0.7119133229658668
NA12234,1000 Genomes Europeans,0.5376979787302234,-0.7971315518726102,-1.2449650994101207
NA12249,1000 Genomes Europeans,-0.14752434646995674,-0.7011394283699545,1.060756998665653
NA12272,1000 Genomes Europeans,0.22006614842300118,1.009036036118156,0.29683111550386676
NA12273,1000 Genomes Europeans,0.299527631307627,0.8782397514615068,-0.10784545871846923
NA12275,1000 Genomes Europeans,0.5408471524223202,-1.2251666081973902,0.21805215835933578
NA12282,1000 Genomes Europeans,1.0423191266265195,1.3017839452163025,1.4595395354333516
NA12283,1000 Genomes Europeans,0.04282823138003508,1.5198713136417306,-0.8228938880299154
NA12286,1000 Genomes Europeans,0.1610259817334774,-0.5021382083323975,-0.2776227506201396
NA12287,1000 Genomes Europeans,0.08507278549509954,-0.1510091317300243,0.6536365439266694
NA12340,1000 Genomes Europeans,-0.3716546119642929,1.5193099559698038,-0.7064505482615546
NA12341,1000 Genomes Europeans,0.42190355208717806,1.2032657129579123,-0.955725568558299
NA12342,1000 Genomes Europeans,0.20807026258852665,0.4875349705073397,-2.621296746478795
NA12347,1000 Genomes Europeans,0.9511241866046839,-0.005056188224821147,-1.1663299065039499
NA12348,1000 Genomes Europeans,0.7094524585541887,0.8468037337792851,-0.8136934262461838
NA12383,1000 Genomes Europeans,0.35126806328988364,-0.1956370474497908,0.1848442390595942
NA12399,1000 Genomes Europeans,-0.6230501311499587,-0.08448827107142422,-0.5733313559035371
NA12400,1000 Genomes Europeans,-0.2749279072574699,-0.12097650694772484,1.102446593516206
NA12413,1000 Genomes Europeans,0.8514900188479827,0.3227765556583759,-0.021303615585464862
NA12414,1000 Genomes Europeans,0.2748245397487217,0.46872949063094577,-0.2761851748248816
NA12489,1000 Genomes Europeans,0.31396135628178495,-2.8309295823974145,1.8862109737101216
NA12546,1000 Genomes Europeans,0.33668239124958743,1.7303803561412614,0.5074354484553919
NA12716,1000 Genomes Europeans,2.431002747436297,1.2077565726268014,1.183381911024207
NA12717,1000 Genomes Europeans,0.9992941777755506,0.9063076239654302,-0.18001159384015075
NA12718,1000 Genomes Europeans,-1.061006780124597,0.8030178532875141,-0.8569643478126862
NA12748,1000 Genomes Europeans,0.5379465953907899,0.6096302125290165,0.8648159038668806
NA12749,1000 Genomes Europeans,0.5878154817379884,-0.6273209222426207,1.9227253083495306
NA12750,1000 Genomes Europeans,0.22150952092041717,1.4059157517194985,-0.48276429721439196
NA12751,1000 Genomes Europeans,-0.16688902719519044,-0.1484830200731948,1.8008191832227225
NA12760,1000 Genomes Europeans,1.0266422890246105,0.47686917900704456,-0.7896859803831344
NA12761,1000 Genomes Europeans,1.3197782229858583,0.7379003889418896,-2.600164435559175
NA12762,1000 Genomes Europeans,-0.29036301955470345,0.04490462324509265,-0.4068604916603778
NA12763,1000 Genomes Europeans,-0.4112334136716966,-0.5523797007714333,1.1641184419795887
NA12775,1000 Genomes Europeans,0.9394459922767251,0.6584683103616032,-0.13027159784207296
NA12776,1000 Genomes Europeans,0.7957302401991866,0.8204199342911425,-2.070131558296712
NA12777,1000 Genomes Europeans,0.04608790136571647,0.3474762846905277,1.325701561836539
NA12778,1000 Genomes Europeans,-0.8384649135130076,-2.392228734572339,1.723190282885568
NA12812,1000 Genomes Europeans,1.1692530635038367,-1.554964101799173,-1.544411391772937
NA12813,1000 Genomes Europeans,1.4556486502440926,-0.21556523413740533,0.8277265399081937
NA12814,1000 Genomes Europeans,0.7012618328174306,0.5178482702859175,0.07975771644430951
NA12815,1000 Genomes Europeans,0.8918561213096399,-2.0548529145327006,-0.7832169059515586
NA12827,1000 Genomes Europeans,0.047904213516441946,0.3819997708482425,-1.1633109906750732
NA12828,1000 Genomes Europeans,0.26362976670519883,-1.4822683110156933,-0.9584569559104547
NA12829,1000 Genomes Europeans,-0.6848043923755879,-0.6893509215258053,1.1034528949081779
NA12830,1000 Genomes Europeans,-1.4857037272444207,-0.9790113607832377,0.26491701275514906
NA12842,1000 Genomes Europeans,-1.904102326980051,0.019643532274697367,-1.2397898365354427
NA12843,1000 Genomes Europeans,0.8176639890751947,-0.3867792600803706,0.4263563733678651
NA12872,1000 Genomes Europeans,1.1245568435499327,0.9767579832079389,0.043099616900656695
NA12873,1000 Genomes Europeans,0.7114897486296243,0.8717841403675054,-0.3131307861981683
NA12874,1000 Genomes Europeans,0.47820200016720094,0.307058549377055,0.3375144106271561
NA12878,1000 Genomes Europeans,-0.36309106123668533,1.1544276151253257,-0.5450111826547128
NA12889,1000 Genomes Europeans,0.3962957721245436,0.4398195811925002,0.5520001865729178
NA12890,1000 Genomes Europeans,-0.0022063834729739683,1.3076781984677244,1.4621271652059817
NA20502,1000 Genomes Europeans,-1.1154474946062605,-0.2986461354520583,-0.22170119202012062
NA20503,1000 Genomes Europeans,-0.22648167535264022,-0.5332935484585508,-0.7211137847495984
NA20504,1000 Genomes Europeans,0.0034013620763115988,2.8171683704144552,0.05790661762706103
NA20505,1000 Genomes Europeans,-0.7321456466821066,0.3842452015359502,0.1593992090777435
NA20506,1000 Genomes Europeans,-1.0465730551504397,-1.3958192722021119,0.3449897864507039
NA20507,1000 Genomes Europeans,-1.4471401248967901,-0.07999740969600877,1.213714683727558
NA20508,1000 Genomes Europeans,-0.24845686033874287,0.030309323774992503,1.1192661887030109
NA20509,1000 Genomes Europeans,-1.369916221282183,0.8807658597052829,-1.1508041178799164
NA20510,1000 Genomes Europeans,0.1282703848047959,0.9826522366300134,0.39760492904517214
NA20511,1000 Genomes Europeans,-1.6213255378420879,0.6087881764477578,-0.40542291586511936
NA20512,1000 Genomes Europeans,-0.004554459036578146,-0.42410953033140336,-0.8102432509963987
NA20513,1000 Genomes Europeans,-0.4683536925977184,-0.2717009757321988,1.9664275041528478
NA20514,1000 Genomes Europeans,1.414143040092379,0.014591317493671718,-1.1014953979498336
NA20515,1000 Genomes Europeans,0.016895868554994916,-0.9360675223455684,-0.2068941912937165
NA20516,1000 Genomes Europeans,-0.13392624971603692,2.022286228646191,-0.15169142059132654
NA20517,1000 Genomes Europeans,1.1090733891242563,-0.14539555501075507,-1.4804394353548103
NA20518,1000 Genomes Europeans,-0.3007497737889255,0.17794633602965992,-1.493665096047596
NA20519,1000 Genomes Europeans,0.4105706586766732,0.03564221952514007,0.7634670616721807
NA20520,1000 Genomes Europeans,0.2508189707055325,-0.036492209320096114,0.5541565452716793
NA20521,1000 Genomes Europeans,-1.1536174539079938,-1.5628231092061504,1.5256678588737829
NA20522,1000 Genomes Europeans,-0.7651222215354987,0.09009389237046955,0.526986430994353
NA20524,1000 Genomes Europeans,0.1789956174272797,0.3491603534399918,-1.508472096774
NA20525,1000 Genomes Europeans,1.2016978749443508,-0.27506912176376047,-1.4329995506408937
NA20527,1000 Genomes Europeans,-0.47599183686655056,-0.15549998457280662,0.6506176414154617
NA20528,1000 Genomes Europeans,0.997533128434077,-1.746948348804485,-0.06040559065163922
NA20529,1000 Genomes Europeans,-0.9786102101166966,-1.1322619497571742,0.39947377258488187
NA20530,1000 Genomes Europeans,-0.9294043161934689,0.25737841034362957,5.474832317836202e-4
NA20531,1000 Genomes Europeans,-0.5761163319260354,0.7174108428758215,-0.11819598446782471
NA20532,1000 Genomes Europeans,0.8322772705264282,0.04265919255738504,0.7114269477311069
NA20533,1000 Genomes Europeans,0.1612607863573458,0.1383706350909191,0.41600585427734404
NA20534,1000 Genomes Europeans,-0.35361590142454047,-0.37583278761095357,-1.623909136815097
NA20535,1000 Genomes Europeans,2.987578413883671,-0.18553260935510585,0.7201961384409696
NA20536,1000 Genomes Europeans,0.656399868423148,0.910237125962392,-0.9705325692847032
NA20538,1000 Genomes Europeans,-0.6594037929634264,-1.0786523112865771,-0.6439161509915998
NA20539,1000 Genomes Europeans,0.5776013633000338,0.38957809728609777,0.22912146368277728
NA20540,1000 Genomes Europeans,-1.3633692425749642,-0.692719067557367,-1.091863660098107
NA20541,1000 Genomes Europeans,0.672836353380997,1.3284484239670404,1.0301367108032504
NA20542,1000 Genomes Europeans,-0.12371905195889048,-0.9015440361878535,0.4280814609927576
NA20543,1000 Genomes Europeans,0.29173064861676656,1.3525867942350882,-1.4847521460934987
NA20544,1000 Genomes Europeans,-0.7289964729900102,-0.5529410627096769,-0.5388296200527717
NA20581,1000 Genomes Europeans,-0.7079536004810326,0.12040719812189048,0.11943469852266615
NA20582,1000 Genomes Europeans,-0.12485855964894707,-0.5622034578969963,-0.0605493382429132
NA20585,1000 Genomes Europeans,-0.41102623312122355,0.3000415763448099,0.050862502889130294
NA20586,1000 Genomes Europeans,-0.6248664286382245,-1.341648271793271,-0.7560467800212721
NA20587,1000 Genomes Europeans,-0.3801145724166639,-1.796067125899667,1.3560343345398902
NA20588,1000 Genomes Europeans,0.6213445527217661,-0.03031727919521643,0.2672171290334362
NA20589,1000 Genomes Europeans,-1.2683414330444733,0.5178482702859175,-0.5856944811074194
NA20752,1000 Genomes Europeans,0.6399081206560481,1.4755240754780328,0.22825892153503963
NA20753,1000 Genomes Europeans,-0.4420138600276233,2.2299884844926137,-0.8720588603687245
NA20754,1000 Genomes Europeans,-1.33858327879587,-0.2223015262005284,-1.551167978034147
NA20755,1000 Genomes Europeans,-0.5959091857889118,1.400582855969351,-1.4036730776648063
NA20756,1000 Genomes Europeans,0.5504466205647478,-0.2290378097310185,-1.0677124499966972
NA20757,1000 Genomes Europeans,-0.6319866068684166,0.24166040406230857,0.6189910521610871
NA20758,1000 Genomes Europeans,-1.3327407286227166,-0.5571512431159704,0.21934597324565086
NA20759,1000 Genomes Europeans,-0.7248320999381407,1.743291577476001,-0.1548540840114773
NA20760,1000 Genomes Europeans,-0.6027531232851409,-0.25794771916946396,-1.3259004202475386
NA20761,1000 Genomes Europeans,-1.5518226507165014,-0.6079540889606165,-0.9479626825698254
NA20762,1000 Genomes Europeans,1.7367956043892152,-1.7163543706165756,2.8927990491528517
NA20763,1000 Genomes Europeans,0.7702467685668369,0.40866424959898023,-1.5234228450916782
NA20764,1000 Genomes Europeans,-0.6628430194261834,-0.6935611019320991,0.8468462513732861
NA20765,1000 Genomes Europeans,-0.58767023258617,1.4609287819807757,-1.4341495979594312
NA20766,1000 Genomes Europeans,-0.11213754188781903,-0.5661329573341681,0.7040953294870851
NA20767,1000 Genomes Europeans,0.9204197064505963,0.18243719740507536,-1.599614162475327
NA20768,1000 Genomes Europeans,0.8483891872843297,0.9683376215420882,-0.5872758044939514
NA20769,1000 Genomes Europeans,-0.4394931486677527,-0.14399215869777934,-0.9064168486282159
NA20770,1000 Genomes Europeans,0.07911973902836097,0.2208901829999619,2.1895387147271848
NA20771,1000 Genomes Europeans,-0.006011643570692337,-1.11654393494322,-0.7111945350682378
NA20772,1000 Genomes Europeans,0.41731100589766523,0.7482855020328529,-0.3801216417980856
NA20773,1000 Genomes Europeans,-0.3500454606131506,-0.7255584764329844,-0.8223188643706467
NA20774,1000 Genomes Europeans,1.3001373015266617,-0.5419945902402599,-1.268685050090622
NA20775,1000 Genomes Europeans,-1.5041084714191328,1.8053215759059222,0.5728449839981943
NA20778,1000 Genomes Europeans,-2.300249515658076,0.9860203809550484,-1.2193763135134525
NA20783,1000 Genomes Europeans,-1.1093217830183353,-0.2394229287948249,-0.3493575930267401
NA20785,1000 Genomes Europeans,0.03519010177366302,-0.07634859122795862,-0.2283140140429701
NA20786,1000 Genomes Europeans,0.9287001104258917,0.028063893087284665,1.8564532286613402
NA20787,1000 Genomes Europeans,-0.3518962881931615,-1.091002171536336,-1.1857371297986765
NA20790,1000 Genomes Europeans,0.10124685641814285,2.03407473549034,0.031886555662398244
NA20792,1000 Genomes Europeans,-0.045866686012058025,-1.0604081933484264,0.7040953294870851
NA20795,1000 Genomes Europeans,-0.3281324297921898,0.5439513913647284,-0.22500760303154535
NA20796,1000 Genomes Europeans,-0.6209230481735256,-0.36488631514153674,0.11023423673893434
NA20797,1000 Genomes Europeans,0.9721601384328529,-0.8594422235922836,1.0127420869630508
NA20798,1000 Genomes Europeans,-0.012413581230120416,0.6910270425344154,-0.4650821615445578
NA20799,1000 Genomes Europeans,-1.7833976773034357,-2.6294022592356607,-0.09131338701425894
NA20800,1000 Genomes Europeans,-0.15472049090198842,-1.7520005721181442,-0.162041946340682
NA20801,1000 Genomes Europeans,-1.6938947411020413,0.6419082654392336,-0.7012752853868768
NA20802,1000 Genomes Europeans,-0.2742580234776102,-0.10778460379060041,0.27728013462961415
NA20803,1000 Genomes Europeans,0.4245002443113478,-1.494618179798086,0.5199423262446742
NA20804,1000 Genomes Europeans,0.5512270153006522,1.3295711388842626,1.0900834733064493
NA20805,1000 Genomes Europeans,-0.25758671923343374,0.8400674451292152,-0.3980913059446409
NA20806,1000 Genomes Europeans,-0.3139956636070422,1.108957662471037,0.4022051599370379
NA20807,1000 Genomes Europeans,0.3777114714727552,1.248174308793537,-1.9020793706670207
NA20808,1000 Genomes Europeans,1.1294187391175174,0.7168494852038946,1.1553492512697259
NA20809,1000 Genomes Europeans,-0.8672080551310396,0.8891862213711337,0.8458399516460225
NA20810,1000 Genomes Europeans,-0.9738104833767123,1.5934091387999425,0.203388921871292
NA20811,1000 Genomes Europeans,-0.18215839505204554,1.1844602390543617,-0.2573529751894233
NA20812,1000 Genomes Europeans,-0.6365100928744379,-1.111491720162194,0.003278870583939709
NA20813,1000 Genomes Europeans,-1.0846601422319837,0.7137620192881914,0.8119132461133606
NA20814,1000 Genomes Europeans,-0.6419382819466474,-0.0654021187585418,-0.6799992102288972
NA20815,1000 Genomes Europeans,-1.2253993564136934,1.9967444652393074,-0.5486051054957719
NA20818,1000 Genomes Europeans,-0.38063253845530354,0.5630375445308742,2.4517518888812058
NA20819,1000 Genomes Europeans,0.36609543130993827,1.4137747559694012,-1.1528167173344435
NA20821,1000 Genomes Europeans,-0.9322289070231584,0.2253810358427442,0.373453715614345
NA20822,1000 Genomes Europeans,1.3415185886856336,0.9077110168653526,-0.49512742241827473
NA20826,1000 Genomes Europeans,-0.5875182855200313,-0.4715442301444879,0.3329141797352903
NA20827,1000 Genomes Europeans,0.517055669947952,0.9938793849489721,-2.3862536866020996
NA20828,1000 Genomes Europeans,0.5755295431328527,-1.6804274966785184,0.4726461991102835
NA20832,1000 Genomes Europeans,-0.225846321664526,-1.6711650929585655,-1.5728753292601216
